site,year,gap,tag,tag,X,Y,MNR,MDH1,MDH3,6PGD,IDH
1,2002,5152,1,1,86.55,-163.65,BB,BB,BB,CC,AA
1,2002,5156,2,2,78.33,-155.4,CC,BB,AB,CC,AA
1,2002,5156,3,3,77.05,-155.61,CC,BB,BB,CC,AA
1,2002,5156,4,4,77.02,-155.52,CC,BB,BB,CC,AA
1,2002,5156,5,5,76.87,-155.47,CC,BB,BB,CC,AA
1,2002,5156,6,6,76.52,-156.44,CC,BB,BB,NA,AA
1,2002,5156,7,7,76.92,-155.38,BB,BB,BB,CC,AA
1,2002,5156,8,8,76.77,-156.25,CC,BB,BB,CC,AA
1,2002,5156,9,9,76.63,-156.27,CC,BB,BB,CC,AA
1,2002,5156,10,10,76.4,-156.41,CC,BB,BB,CC,AA
1,2002,5156,11,11,76.4,-155.87,CC,BB,BB,CC,AA
1,2002,5156,12,12,76.42,-155.75,BC,BB,BB,CC,AA
1,2002,5156,13,13,76.49,-155.75,BC,BB,BB,CC,AA
1,2002,5156,14,14,76.52,-155.7,BB,BB,BB,CC,AA
1,2002,5156,15,15,76.28,-156.45,CC,BB,BB,CC,AA
1,2002,5156,16,16,76.36,-156.08,CC,BB,BB,CC,AA
1,2002,5156,17,17,76.69,-155.95,CC,BB,BB,CC,AA
1,2002,5156,18,18,75.95,-156.27,CC,BB,BB,CC,AA
1,2002,5156,19,19,75.99,-156.24,CC,BB,BB,CC,AA
1,2002,5156,20,20,75.73,-156.18,CC,BB,BB,CC,AA
1,2002,5156,21,21,76.27,-156.01,CC,BB,BB,CC,AA
1,2002,5156,22,22,76.41,-155.68,BC,BB,BB,CC,AA
1,2002,5156,23,23,76.07,-155.87,CC,BB,BB,CC,AA
1,2002,5156,24,24,76.24,-155.43,BB,BB,BB,CC,AA
1,2002,5156,25,25,76.37,-155.34,BB,BB,BB,CC,AA
1,2002,5156,26,26,76.39,-155.1,CC,BB,BB,CC,AA
1,2002,5156,27,27,75.52,-154.43,BC,BB,BB,CC,AA
1,2002,5156,28,28,77.44,-154.07,BC,BB,BB,CC,AA
1,2002,5156,28,28,77.44,-154.07,NA,NA,NA,NA,NA
1,2002,5156,28,28,77.44,-154.07,CC,BB,BB,CC,AA
1,2002,5156,28,28,77.44,-154.07,NA,NA,NA,NA,NA
1,2002,5156,28,28,77.44,-154.07,CC,BB,BB,CC,AA
1,2002,5156,28,28,77.44,-154.07,CC,BB,BB,CC,AA
1,2002,5156,29,29,77.29,-153.87,BC,BB,BB,CC,AA
1,2002,5161,30,30,103.79,-138.3,BC,BB,BB,CC,AA
1,2002,5161,31,31,104.21,-138.69,BB,BB,AB,CC,AA
1,2002,5161,32,32,104.08,-138.82,BB,BB,BB,CC,AA
1,2002,5161,33,33,104.01,-138.88,CC,BB,AB,CC,AA
1,2002,5161,34,34,104.67,-139.8,BB,BB,BB,CC,AA
1,2002,5161,35,35,102.09,-140.11,BC,BB,BB,CC,AA
1,2002,5161,36,36,102.19,-140.17,BB,BB,BB,CC,AA
1,2002,5161,37,37,103.2,-139.43,CC,BB,BB,CC,AA
1,2002,5161,38,38,108.15,-135.06,CC,BB,AA,CC,AA
1,2002,5161,39,39,107.29,-134.24,CC,BB,AA,CC,AA
1,2002,5161,40,40,104.81,-134.98,CC,BB,AA,CC,AA
1,2002,5161,41,41,105.22,-134.76,CC,BB,AA,CC,AA
1,2002,5161,42,42,103.68,-136.45,CC,BB,AA,CC,AA
1,2002,5161,43,43,103.81,-136.52,BC,BB,AB,CC,AA
1,2002,5161,44,44,104.65,-136.77,CC,BB,AA,CC,AA
1,2002,5176,45,45,106.52,-98.52,BB,BB,BB,CC,AA
1,2002,5176,46,46,106.49,-98.57,BB,BB,BB,CC,AA
1,2002,5176,47,47,106.15,-98.94,BB,BB,BB,NA,AA
1,2002,5176,48,48,106.08,-99.11,BB,BB,BB,NA,AA
1,2002,5176,49,49,106.01,-98.99,NA,NA,NA,NA,NA
1,2002,5176,50,50,105.94,-99.11,BB,BB,BB,CC,AA
1,2002,5176,51,51,106.29,-99.66,BB,BB,BB,CC,AA
1,2002,5176,51,51,106.29,-99.66,NA,BB,NA,NA,NA
1,2002,5176,52,52,106.41,-99.65,BB,BB,AA,CC,AA
1,2002,5176,53,53,105.75,-100.86,BB,BB,BB,CC,AA
1,2002,5176,54,54,106.12,-101.07,BB,BB,BB,CC,AA
1,2002,5176,55,55,105.91,-100.48,BB,BB,BB,CC,AA
1,2002,5176,56,56,105.47,-99.4,BC,BB,AB,CC,AA
1,2002,5176,57,57,105.59,-100.26,BB,BB,BB,CC,AA
1,2002,5176,58,58,105.33,-99.98,BB,BB,BB,CC,AA
1,2002,5176,59,59,107.97,-98.49,BB,BB,BB,CC,AA
1,2002,5176,60,60,105.2,-100.78,BB,BB,BB,CC,AA
1,2002,5248,61,61,101.71,-126.53,BB,BB,AA,CC,AA
1,2002,5248,62,62,101.7,-126.56,BB,BB,AA,CC,AA
1,2002,5248,63,63,101.73,-126.53,BB,BB,AA,CC,AA
1,2002,5248,64,64,101.72,-126.41,BC,BB,AA,CC,AA
1,2002,5248,65,65,101.79,-126.61,BC,BB,AA,CC,AA
1,2002,5248,66,66,101.8,-126.07,BB,BB,AA,CC,AA
1,2002,5248,67,67,101.94,-126.04,BB,BB,AB,CC,AA
1,2002,5248,68,68,101.73,-125.94,BB,BB,AA,CC,AA
1,2002,5248,69,69,101.78,-125.73,BB,BB,AA,CC,AA
1,2002,5248,70,70,101.88,-125.69,CC,BB,AA,CC,AA
1,2002,5248,71,71,102.01,-125.46,BB,BB,AA,CC,AA
1,2002,5248,72,72,102.24,-125.54,BB,BB,AA,CC,AA
1,2002,5248,73,73,102.38,-125.65,BB,BB,AB,CC,AA
1,2002,5248,74,74,102.73,-125.84,BB,BB,AA,CC,AA
1,2002,5248,75,75,103.06,-125.92,BB,BB,AA,CC,AA
1,2002,5248,76,76,103.55,-125.54,BB,BB,AB,CC,AA
1,2002,5248,77,77,101.44,-126.26,BB,BB,AB,CC,AA
1,2002,5248,78,78,101.44,-126.08,BB,BB,AA,CC,AA
1,2002,5248,79,79,101.44,-126.03,BB,BB,AA,CC,AA
1,2002,5248,80,80,100.85,-126.22,BB,BB,AA,CC,AA
1,2002,5248,81,81,101.2,-126.37,BB,BB,AA,CC,AA
1,2002,5247,82,82,100.69,-125.38,CC,BB,AA,CC,AA
1,2002,5247,83,83,100.37,-125.25,CC,BB,AA,CC,AA
1,2002,5247,84,84,100.12,-125.63,BC,BB,AA,CC,AA
1,2002,5248,85,85,102.21,-127.29,BB,BB,AA,CC,AA
1,2002,5248,86,86,102.33,-127.45,BB,BB,AA,CC,AA
1,2002,5248,87,87,102.15,-127.54,BB,BB,AA,CC,AA
1,2002,5248,88,88,101.98,-127.61,BB,BB,AA,CC,AA
1,2002,5248,89,89,102.1,-125.97,BB,BB,AB,CC,AA
1,2002,5248,90,90,102.19,-126.1,BB,BB,AA,CC,AA
1,2002,5203,166,166,23.89,36.49,BB,BB,BB,CC,AA
1,2002,5199,167,167,30.63,-8.27,CC,BB,BB,CC,AA
1,2002,5199,168,168,30.64,-8.35,CC,BB,BB,CC,AA
1,2002,5236,169,169,30,-13.18,BB,BB,BB,CC,AA
1,2002,5236,170,170,29.65,-12.53,BB,BB,BB,CC,AA
1,2002,5209,171,171,15.56,5.24,BB,BB,BB,CC,AA
1,2002,5209,172,172,15.5,5.34,BB,BB,BB,CC,AA
1,2002,5209,173,173,15.73,4.96,BB,BB,BB,CC,AA
1,2002,5209,174,174,15.51,4.74,BB,BB,BB,CC,AA
1,2002,5209,175,175,16.25,4.17,BB,BB,BB,CC,AA
1,2002,5209,176,176,15.54,6,BC,BB,BB,CC,AA
1,2002,5209,177,177,15.51,6.02,BB,BB,BB,CC,AA
1,2002,5209,178,178,14.85,5.44,BB,BB,BB,CC,AA
1,2002,5209,179,179,14.75,5.19,BB,BB,BB,CC,AA
1,2002,5209,180,180,14.67,5.28,BB,BB,BB,CC,AA
1,2002,5209,181,181,14.36,5.23,BB,BB,BB,CC,AA
1,2002,5209,182,182,14.34,5.33,NA,NA,NA,NA,NA
1,2004,5189,201,201,81.12,-97.15,BB,BB,AA,CC,AA
1,2004,5183,202,202,73.82,-112.29,BC,BB,AA,CC,AA
1,2004,5183,203,203,72.46,-112.1,BB,BB,AA,CC,AA
1,2004,5248,204,204,101.67,-126.16,BB,BB,AA,CC,AA
1,2004,5247,205,205,99.52,-122.13,BB,BB,BB,CC,AA
1,2004,5248,206,206,101.27,-125.91,BB,BB,AA,CC,AA
1,2004,5247,207,207,99.47,-122.61,BB,BB,AA,CC,AA
1,2004,5247,208,208,103.29,-123.34,BB,BB,AA,CC,AA
1,2004,5168,209,209,110.93,-116.77,BB,BB,BB,CC,AA
1,2004,5168,210,210,110.09,-116.79,BB,BB,BB,CC,AA
1,2004,5169,211,211,107.44,-112.16,BB,BB,BB,CC,AA
1,2004,5169,212,212,105.86,-113.09,NA,NA,NA,NA,NA
1,2004,5161,213,213,107.17,-134.36,NA,NA,NA,NA,NA
1,2004,5161,214,214,106.83,-134.34,NA,BB,BB,NA,AA
1,2004,5161,215,215,102.06,-136.65,BB,BB,BB,CC,AA
1,2004,5161,217,217,105.12,-139.39,BB,BB,BB,NA,AA
1,2004,5161,218,218,104.9,-138.88,BB,BB,BB,NA,AA
1,2004,5161,219,219,103.75,-139.19,BB,BB,BB,NA,AA
1,2004,5176,220,220,106.25,-99.22,BB,BB,BB,CC,AA
1,2004,5217,288,288,14.63,-22.17,NA,NA,NA,NA,NA
1,2004,5156,289,289,77.74,-155.08,CC,BB,BB,CC,AA
1,2004,5152,292,292,100.63,-168.68,BB,BB,BB,NA,AA
1,2004,5152,293,293,100.58,-168.52,BB,BB,BB,CC,AA
1,2004,5152,294,294,90.59,-164.95,BC,BB,BB,NA,AA
1,2004,5212,295,295,-8.6,-13.25,BB,BB,BB,NA,AA
1,2004,5203,298,NA,NA,NA,BB,BB,BB,BB,AA
1,2004,5203,299,299,37.66,39.73,BB,BB,BB,BB,AA
1,2004,5209,300,300,14.19,6.98,BB,BB,BB,NA,AA
1,2002,5148,312,312,107.38,-166.14,BB,BB,BB,NA,AA
1,2002,5148,313,313,107.42,-166.81,BB,BB,BB,NA,AA
1,2002,5148,314,314,107.43,-166.86,BB,BB,BB,CC,AA
1,2002,5148,315,315,107.33,-166.99,BB,BB,BB,CC,AA
1,2002,5148,316,316,107.4,-166.99,BB,BB,BB,CC,AA
1,2002,5148,317,317,107.46,-167,BB,BB,BB,CC,AA
1,2002,5148,318,318,107.47,-167.07,BB,BB,BB,CC,AA
1,2002,5148,319,319,107.46,-167.27,BB,BB,BB,CC,AA
1,2002,5148,320,320,107.35,-167.35,BB,BB,BB,CC,AA
1,2002,5147,321,321,108.21,-167.67,BB,BB,BB,CC,AA
1,2002,5147,322,322,108.16,-167.76,BB,BB,BB,CC,AA
1,2002,5152,323,323,97.98,-170.68,BB,BB,BB,CC,AA
1,2002,5152,324,324,87.28,-163.55,BB,BB,BB,NA,AA
1,2002,5155,325,325,80.85,-162.9,BB,BB,BB,CC,AA
1,2002,5155,326,326,80.81,-162.84,BB,BB,AB,NA,AA
1,2002,5155,327,327,80.68,-163.22,BB,BB,BB,CC,AA
1,2002,5156,345,345,76.03,-156.09,CC,BB,BB,CC,AA
1,2002,5156,346,346,76.74,-155.99,CC,BB,BB,CC,AA
1,2002,5156,347,347,77.17,-155.58,BC,BB,BB,CC,AA
1,2002,5156,348,348,77.13,-153.61,CC,BB,BB,CC,AA
1,2002,5156,349,349,75.72,-153.51,CC,BB,BB,CC,AA
1,2002,5156,350,350,75.5,-155.22,CC,BB,BB,CC,AA
1,2002,5156,351,351,76.77,-155.38,CC,BB,BB,CC,AA
1,2002,5156,352,352,76.85,-154.43,BC,BB,BB,CC,AA
1,2002,5156,353,353,78.18,-154.19,CC,BB,BB,CC,AA
1,2002,5156,354,354,78.36,-154.35,CC,BB,BB,CC,AA
1,2002,5156,355,355,77.39,-154.09,CC,BB,BB,CC,AA
1,2002,5156,356,356,77.22,-153.88,CC,BB,BB,NA,AA
1,2002,5156,357,357,78.66,-155.36,CC,BB,BB,CC,AA
1,2002,5156,358,358,78.65,-155.72,CC,BB,BB,CC,AA
1,2002,5156,359,359,75.51,-154.29,CC,BB,BB,CC,AA
1,2002,5156,360,360,75.99,-153.53,NA,NA,NA,NA,NA
1,2002,5156,361,361,76.97,-155.11,CC,BB,BB,CC,AA
1,2002,5156,362,362,77.02,-155.09,CC,BB,BB,CC,AA
1,2002,5156,363,363,77.09,-155.02,BB,BB,BB,CC,AA
1,2002,5156,364,364,76.87,-154.84,CC,BB,BB,CC,AA
1,2002,5156,365,365,77.12,-154.78,BB,BB,BB,CC,AA
1,2002,5156,366,366,78.57,-155.96,CC,BB,BB,CC,AA
1,2002,5156,367,367,78.54,-156.35,BC,BB,BB,NA,AA
1,2002,5152,368,368,87.47,-164.4,BB,BB,BB,CC,AA
1,2002,5152,369,369,87.87,-164.74,BB,BB,BB,CC,AA
1,2002,5152,370,370,87.38,-163.16,BB,BB,BB,CC,AA
1,2002,5152,371,371,92.12,-169.22,BB,BB,BB,CC,AA
1,2002,5152,372,372,92.2,-169.21,BB,BB,BB,CC,AA
1,2002,5152,373,373,91.98,-169.01,BB,BB,BB,CC,AA
1,2002,5152,374,374,91.98,-168.94,BB,BB,BB,CC,AA
1,2002,5152,375,375,91.88,-169.02,BB,BB,BB,CC,AA
1,2002,5152,376,376,91.93,-168.96,BB,BB,BB,CC,AA
1,2002,5152,377,377,89.03,-164.07,BB,BB,BB,CC,AA
1,2002,5155,378,378,79.85,-164.89,CC,BB,AB,CC,AA
1,2002,5202,397,397,39.07,30.89,BB,BB,BB,NA,AA
1,2002,5202,398,398,39.17,30.37,BB,BB,BB,BB,AA
1,2002,5203,399,399,41.19,36.7,BB,BB,BB,NA,AA
1,2002,5203,400,400,24.1,36.58,BB,BB,BB,NA,AA
1,2002,5134,401,401,94.87,-183.05,BB,BB,BB,CC,AA
1,2002,5134,402,402,94.83,-184.51,NA,BB,BB,CC,AA
1,2002,5134,403,403,94.94,-184.41,BB,BB,BB,CC,AA
1,2002,5134,404,404,94.19,-185.08,BB,BB,BB,CC,AA
1,2002,5134,405,405,94.49,-183.77,BB,BB,BB,CC,AA
1,2003,5132,406,406,83.06,-185.58,BB,BB,BB,CC,AA
1,2003,5132,407,407,84.61,-183.59,BC,BB,BB,CC,AA
1,2003,5134,408,408,95.48,-184.26,BB,BB,BB,CC,AA
1,2003,5134,409,409,92.91,-186.9,BB,BB,BB,CC,AA
1,2003,5134,410,410,95.18,-185.21,BB,BB,BB,CC,AA
1,2003,5147,411,411,108.09,-167.81,BB,BB,BB,CC,AA
1,2003,5147,412,412,107.87,-168.38,BB,BB,BB,CC,AA
1,2003,5147,413,413,107.72,-168.72,BB,BB,BB,CC,AA
1,2003,5148,414,414,107.63,-166.41,BB,BB,BB,CC,AA
1,2003,5149,415,415,107.56,-163.32,CC,BB,BB,CC,AA
1,2003,5149,416,416,108.23,-162.18,BB,BB,BB,CC,AA
1,2003,5149,417,417,106.69,-160.71,BB,BB,BB,CC,AA
1,2003,5149,418,418,106.99,-161.88,CC,BB,BB,CC,AA
1,2003,5149,419,419,108.61,-162.22,CC,BB,BB,CC,AA
1,2003,5149,420,420,108.72,-162.26,CC,BB,BB,CC,AA
1,2003,5149,421,421,108.77,-162.42,CC,BB,BB,CC,AA
1,2003,5149,422,422,108.79,-162.48,BB,BB,BB,CC,AA
1,2003,5149,423,423,108.76,-162.54,BB,BB,BB,CC,AA
1,2003,5149,424,424,108.71,-162.06,CC,BB,BB,CC,AA
1,2003,5149,425,425,108.7,-162.18,BB,BB,BB,CC,AA
1,2003,5149,426,426,108.69,-162.14,BB,BB,BB,CC,AA
1,2003,5149,427,427,109.88,-162.69,BB,BB,BB,CC,AA
1,2003,5149,428,428,108.99,-162.03,BB,BB,BB,CC,AA
1,2003,5149,429,429,108.93,-162.01,BB,BB,BB,CC,AA
1,2003,5140,430,430,99.24,-179.67,BB,BB,BB,CC,AA
1,2003,5152,431,431,96.19,-168.13,BB,BB,BB,CC,AA
1,2003,5152,432,432,95.86,-167.78,BB,BB,BB,CC,AA
1,2003,5152,433,433,93.75,-167.33,BB,BB,AB,CC,AA
1,2003,5152,434,434,93.22,-167.54,BB,BB,BB,CC,AA
1,2003,5152,435,435,90.8,-167.23,BB,BB,BB,CC,AA
1,2003,5152,436,436,93.81,-166.5,BB,BB,BB,CC,AA
1,2003,5152,437,437,91.08,-166.52,BB,BB,AA,CC,AA
1,2003,5152,438,438,90.4,-166.5,BB,BB,BB,CC,AA
1,2003,5152,439,439,90.47,-165.4,BB,BB,BB,CC,AA
1,2003,5152,440,440,90.21,-165.42,BB,BB,BB,CC,AA
1,2003,5152,441,441,89.73,-165.82,BB,BB,BB,CC,AA
1,2003,5152,442,442,88.19,-164.79,BB,BB,BB,CC,AA
1,2003,5152,443,443,87.91,-164.54,BB,BB,BB,CC,AA
1,2003,5152,444,444,88.48,-164.29,CC,BB,BB,CC,AA
1,2003,5152,445,445,88.97,-164.62,BC,BB,BB,NA,AA
1,2003,5152,446,446,88.99,-164.82,BB,BB,BB,CC,AA
1,2003,5152,447,447,87.69,-164.2,BB,BB,BB,CC,AA
1,2003,5152,448,448,87.55,-164.13,BB,BB,BB,CC,AA
1,2003,5152,449,449,87.17,-164.27,NA,BB,BB,NA,AA
1,2003,5152,450,450,87.22,-163.65,BB,BB,BB,CC,AA
1,2003,5152,451,451,88.18,-163.63,BC,BB,NA,CC,AA
1,2003,5152,452,452,86.3,-162.27,BB,BB,AB,CC,AA
1,2003,5152,453,453,86.51,-162.9,BB,BB,BB,CC,AA
1,2003,5152,454,454,86.47,-162.89,BB,BB,BB,CC,AA
1,2003,5152,455,455,86.41,-162.72,BB,BB,BB,CC,AA
1,2003,5152,456,456,85.63,-163.47,BB,BB,BB,CC,AA
1,2003,5152,457,457,86.27,-163.19,BB,BB,BB,CC,AA
1,2003,5152,458,458,85.61,-164.11,BB,BB,BB,CC,AA
1,2003,5152,459,459,86.35,-163.3,BB,BB,BB,CC,AA
1,2003,5155,460,460,81.18,-162.93,BB,BB,AB,CC,AA
1,2003,5155,461,461,80.66,-163.07,BB,BB,BB,CC,AA
1,2003,5155,462,462,80.55,-163.16,BB,BB,BB,CC,AA
1,2003,5155,463,463,80.65,-163.4,NA,NA,NA,NA,NA
1,2003,5203,464,464,30.08,36.25,NA,NA,NA,NA,NA
1,2003,5203,465,465,29.04,36.15,BB,BB,BB,CC,AA
1,2003,5203,466,466,29.31,36.6,BB,BB,BB,BB,AA
1,2003,5203,467,467,29.34,36.74,BB,BB,BB,BB,AA
1,2003,5203,468,468,29.11,37.12,NA,NA,NA,NA,NA
1,2003,5203,469,469,29.66,37.61,BB,BB,BB,BB,AA
1,2003,5203,470,470,30.28,36.87,BB,BB,BB,CC,AA
1,2003,5203,471,471,27.94,37.83,NA,NA,NA,NA,NA
1,2003,5203,472,472,27.47,37.96,NA,NA,NA,NA,NA
1,2003,5203,473,473,27.54,37.86,NA,NA,NA,NA,NA
1,2003,5203,474,474,27.09,35.39,NA,NA,NA,NA,NA
1,2003,5203,475,475,28.67,36.59,BB,BB,BB,CC,AA
1,2003,5203,476,476,28.86,37.83,BB,BB,BB,BB,AA
1,2003,5204,477,477,23.71,42.71,BB,BB,BB,BB,AA
1,2003,5204,478,478,23.71,43.38,BB,BB,BB,BB,AA
1,2003,5209,479,479,20.56,3.85,BB,BB,BB,DD,AA
1,2003,5209,480,480,20.67,3.23,CC,BB,NA,CC,AA
1,2003,5209,481,481,20.44,2.97,BB,BB,NA,CC,AA
1,2003,5209,482,482,20.32,3.22,BB,BB,NA,CC,AA
1,2003,5209,483,483,20.22,3.23,BB,BB,NA,CC,AA
1,2003,5209,484,484,20.29,3.34,BC,BB,BB,CC,AA
1,2003,5209,485,485,20.05,3.58,BB,BB,NA,CC,AA
1,2003,5209,486,486,20.29,3,CC,BB,BB,DD,AA
1,2003,5209,487,487,19.86,3.13,BB,BB,NA,CC,AA
1,2003,5209,488,488,19.2,2.86,BB,BB,NA,CC,AA
1,2003,5209,489,489,18.9,3.02,BB,BB,NA,CC,AA
1,2003,5209,490,490,19.95,4.33,CC,BB,BB,BB,AA
1,2003,5209,491,491,19.25,3.71,BB,BB,BB,BB,AA
1,2003,5209,492,492,18.6,4.62,BB,BB,BB,BB,AA
1,2003,5209,493,493,17.76,3.24,BB,BB,NA,CC,AA
1,2003,5209,494,494,18.43,6.26,BB,BB,BB,BB,AA
1,2003,5209,495,495,18.9,6.2,CC,BB,BB,CC,AA
1,2003,5209,496,496,18.36,5.91,BB,BB,NA,CC,AA
1,2003,5209,497,497,16.77,5.86,BC,BB,BB,CC,AA
1,2003,5209,498,498,16.65,5.79,BB,BB,BB,CC,AA
1,2003,5209,499,499,16.49,5.56,BB,BB,BB,CD,AA
1,2003,5209,500,500,16.9,5.24,BB,BB,BB,CC,AA
1,2002,5197,501,501,38.64,-51.94,BB,BB,BB,CC,AA
1,2002,5197,502,502,38.78,-52.7,BB,BB,BB,CC,AA
1,2002,5197,503,503,39.11,-52.66,BB,BB,BB,NA,AA
1,2002,5197,504,504,39.26,-52.72,BB,BB,BB,CC,AA
1,2002,5197,505,NA,NA,NA,BB,BB,BB,CC,AA
1,2002,5197,506,506,39.49,-53.36,BB,BB,BB,CC,AA
1,2002,5197,507,507,39.21,-53.35,BB,BB,BB,CC,AA
1,2002,5197,508,508,39.3,-53.45,BB,BB,BB,CC,AA
1,2002,5197,509,509,38.67,-53.24,NA,NA,NA,NA,NA
1,2002,5197,510,NA,NA,NA,BB,BB,BB,CC,AA
1,2002,5197,511,511,38.54,-53.43,BB,BB,BB,CC,AA
1,2002,5197,512,512,38.51,-53.55,NA,NA,NA,NA,NA
1,2002,5197,513,513,38.43,-53.57,BB,BB,BB,CC,AA
1,2002,5197,514,514,38.29,-53.17,BB,BB,BB,CC,AA
1,2002,5197,515,515,38.29,-53.17,BB,BB,BB,CC,AA
1,2002,5197,516,516,38.22,-52.99,BB,BB,BB,CC,AA
1,2002,5197,517,517,38.09,-53,BB,BB,BB,CC,AA
1,2002,5197,518,518,38.2,-53.08,BB,BB,BB,CC,AA
1,2002,5197,519,519,38,-52.87,NA,NA,NA,NA,NA
1,2002,5197,519,519,38,-52.87,NA,NA,NA,NA,NA
1,2002,5197,519,519,38,-52.87,NA,NA,NA,NA,NA
1,2002,5197,519,519,38,-52.87,NA,NA,NA,NA,NA
1,2002,5197,519,519,38,-52.87,NA,NA,NA,NA,NA
1,2002,5197,519,519,38,-52.87,BB,BB,BB,CC,AA
1,2002,5197,519,519,38,-52.87,BB,BB,BB,CC,AA
1,2002,5197,519,519,38,-52.87,BB,BB,BB,CC,AA
1,2002,5197,519,519,38,-52.87,NA,NA,NA,NA,NA
1,2002,5197,520,520,38.12,-53.09,BB,BB,BB,CC,AA
1,2002,5197,520,520,38.12,-53.09,BB,BB,BB,CC,AA
1,2002,5197,521,521,38.47,-52.73,BB,BB,BB,CC,AA
1,2002,5197,522,522,37.65,-53.27,BB,BB,BB,CC,AA
1,2002,5197,523,523,37.98,-53.24,BB,BB,BB,CC,AA
1,2002,5197,524,524,37.21,-53.7,BB,BB,BB,NA,AA
1,2002,5197,525,525,36.87,-53.56,BB,BB,BB,CC,AA
1,2002,5197,526,526,36.46,-53.59,BB,BB,BB,CC,AA
1,2002,5197,527,527,36.75,-53.03,BB,BB,BB,CC,AA
1,2002,5197,528,528,36.4,-52.78,BB,BB,BB,CC,AA
1,2002,5197,529,529,36.99,-52.41,BB,BB,BB,CC,AA
1,2002,5197,530,530,36.99,-51.72,BB,BB,BB,CC,AA
1,2002,5197,531,531,38.1,-51.2,BB,BB,BB,CC,AA
1,2002,5197,532,532,39.03,-52.27,BB,BB,BB,NA,AA
1,2002,5197,533,533,39.02,-52.16,BB,BB,BB,CC,AA
1,2002,5197,534,534,38.92,-52.17,BB,BB,BB,CC,AA
1,2002,5197,535,535,38.98,-52.22,BB,BB,BB,CC,AA
1,2002,5197,536,536,39.31,-51.93,BB,BB,BB,CC,AA
1,2002,5197,537,537,39.18,-53.56,BB,BB,BB,CC,AA
1,2002,5197,538,538,39.2,-53.8,BB,BB,BB,CC,AA
1,2002,5197,539,539,39.23,-53.84,BB,BB,BB,CC,AA
1,2002,5197,540,540,38.8,-54.51,BB,BB,BB,CC,AA
1,2002,5197,541,541,38.29,-54.67,BB,BB,BB,CC,AA
1,2002,5197,542,542,36.57,-54.62,BB,BB,BB,CC,AA
1,2002,5197,543,543,36.74,-54.32,BB,BB,BB,CC,AA
1,2002,5197,544,544,38.44,-54.75,BB,BB,BB,CC,AA
1,2002,5197,545,545,36.74,-52.57,BB,BB,BB,CC,AA
1,2002,5197,546,546,35.98,-50.5,BB,BB,BB,CC,AA
1,2002,5197,547,547,34.71,-49.6,BB,BB,BB,CC,AA
1,2002,5197,548,548,34.52,-49.61,BB,BB,BB,CC,AA
1,2002,5197,549,549,34.83,-49.31,BB,BB,BB,CC,AA
1,2002,5197,550,550,35.05,-49.38,BB,BB,BB,CC,AA
1,2002,5197,551,551,35.05,-49.11,BB,BB,BB,CC,AA
1,2002,5197,552,552,35.13,-49.13,BB,BB,BB,CC,AA
1,2002,5197,553,553,35.22,-49.07,BB,BB,BB,CC,AA
1,2002,5197,554,554,35.2,-49.14,BB,BB,BB,CC,AA
1,2002,5197,555,555,35.32,-49.11,BB,BB,BB,CC,AA
1,2002,5197,556,556,35.33,-49.14,BB,BB,BB,CC,AA
1,2002,5197,557,NA,NA,NA,BB,BB,BB,CC,AA
1,2002,5197,558,558,35.46,-49.39,BB,BB,BB,CC,AA
1,2002,5197,559,559,35.49,-49.31,BB,BB,BB,CC,AA
1,2002,5197,559,559,35.49,-49.31,BB,BB,BB,NA,AA
1,2002,5197,559,559,35.49,-49.31,BB,BB,BB,NA,AA
1,2002,5197,560,560,35.65,-49.39,BB,BB,BB,CC,AA
1,2002,5197,561,561,35.4,-49.46,BB,BB,BB,CC,AA
1,2002,5197,562,562,34.52,-49.48,BB,BB,BB,CC,AA
1,2002,5197,563,563,34.58,-49.52,CC,BB,BB,CC,AA
1,2002,5197,563,563,34.58,-49.52,BB,BB,BB,NA,AA
1,2002,5197,563,563,34.58,-49.52,BB,BB,BB,NA,AA
1,2002,5192,564,564,56.08,-90.54,BB,BB,BB,NA,AA
1,2002,5203,565,565,40.73,37.37,BB,BB,BB,NA,AA
1,2002,5149,566,566,108.95,-162.14,CC,BB,BB,CC,AA
1,2002,5149,567,567,107.14,-161.22,CC,BB,BB,CC,AA
1,2002,5149,568,568,107.65,-161.26,BB,BB,BB,CC,AA
1,2002,5149,569,569,107.55,-161.18,BB,BB,BB,CC,AA
1,2002,5152,570,570,85.68,-164.07,BB,BB,BB,CC,AA
1,2002,5152,571,571,85.93,-163.76,BB,BB,BB,NA,AA
1,2002,5152,572,572,85.95,-163.64,BB,BB,BB,CC,AA
1,2002,5152,573,573,86.02,-163.72,BB,BB,BB,CC,AA
1,2002,5152,574,574,86.27,-162.82,BB,BB,BB,CC,AA
1,2002,5152,574,574,86.27,-162.82,NA,NA,NA,NA,NA
1,2002,5152,575,575,86.46,-162.34,BB,BB,BB,CC,AA
1,2002,5152,575,575,86.46,-162.34,BB,BB,BB,CC,AA
1,2002,5152,575,575,86.46,-162.34,BB,BB,BB,CC,AA
1,2002,5152,576,576,86.45,-162.12,BB,BB,BB,CC,AA
1,2002,5152,577,577,86.44,-162.18,BB,BB,BB,CC,AA
1,2002,5152,578,578,86.32,-162.27,BB,BB,BB,CC,AA
1,2002,5152,579,579,85.98,-162.26,BB,BB,BB,CC,AA
1,2002,5152,580,580,86.13,-162.04,CC,BB,BB,CC,AA
1,2002,5152,581,581,86.03,-161.88,BB,BB,BB,CC,AA
1,2002,5152,582,582,85.95,-161.93,BB,BB,BB,CC,AA
1,2002,5152,583,583,85.96,-161.74,BB,BB,BB,CC,AA
1,2002,5152,584,584,85.9,-161.7,BB,BB,BB,CC,AA
1,2002,5152,585,585,86.21,-161.6,BB,BB,BB,NA,AA
1,2002,5152,586,586,86.34,-161.67,BB,BB,BB,CC,AA
1,2002,5152,587,587,86.45,-161.84,BB,BB,BB,CC,AA
1,2002,5152,588,588,86.94,-162.63,BB,BB,BB,CC,AA
1,2002,5152,589,589,88.17,-163.17,BB,BB,BB,CC,AA
1,2002,5152,590,590,87.93,-163.95,BB,BB,BB,CC,AA
1,2002,5152,591,591,87.9,-164,BB,BB,BB,CC,AA
1,2002,5152,592,592,87.49,-164.04,BB,BB,BB,CC,AA
1,2002,5152,593,593,87.42,-164.05,BB,BB,BB,CC,AA
1,2002,5152,594,594,86.95,-164.1,BB,BB,BB,CC,AA
1,2002,5152,595,595,86.96,-164.04,BB,BB,BB,CC,AA
1,2002,5152,596,596,84.73,-164.41,BB,BB,BB,CC,AA
1,2002,5152,597,597,85.04,-164.38,BB,BB,BB,CC,AA
1,2002,5152,598,598,86.53,-163.71,CC,BB,BB,CC,AA
1,2002,5152,599,599,86.51,-163.59,BB,BB,BB,CC,AA
1,2002,5152,600,600,86.66,-163.7,BB,BB,BB,CC,AA
1,2002,5134,601,601,94.08,-183.45,BB,BB,BB,CC,AA
1,2002,5134,602,602,94.3,-183.64,BB,BB,BB,CC,AA
1,2002,5147,603,603,109.7,-169.77,CC,BB,BB,CC,AA
1,2002,5161,604,604,104.88,-136.48,CC,BB,AA,CC,AA
1,2002,5169,605,605,106.02,-111.58,BB,BB,BB,CC,AA
1,2002,5169,606,606,105.94,-111.57,BB,BB,BB,CC,AA
1,2002,5176,607,607,100.99,-95.14,BB,BB,BB,CC,AA
1,2002,5176,608,608,100.8,-95.37,BB,BB,BB,CC,AA
1,2002,5176,609,609,100.94,-95.36,BB,BB,BB,CC,AA
1,2002,5176,610,610,101.34,-95.67,BB,BB,BB,CC,AA
1,2002,5176,611,611,101.38,-95.56,BB,BB,BB,NA,AA
1,2002,5176,612,612,101.41,-95.56,BB,BB,BB,CC,AA
1,2002,5176,613,613,101.62,-95.12,BB,BB,BB,CC,AA
1,2002,5176,614,614,101.7,-95.15,BB,BB,BB,CC,AA
1,2002,5169,615,615,113.89,-108.75,BB,BB,BB,CC,AA
1,2002,5169,616,616,114.09,-108.99,BB,BB,BB,CC,AA
1,2002,5169,617,617,107.72,-111.68,BB,BB,BB,CC,AA
1,2002,5176,618,618,100.94,-96.38,BB,BB,BB,CC,AA
1,2002,5176,619,619,100.95,-96.29,BB,BB,BB,CC,AA
1,2002,5176,620,620,100.82,-96.35,BB,BB,BB,CC,AA
1,2002,5176,621,621,101.35,-97.01,BB,BB,BB,CC,AA
1,2002,5176,622,622,102.81,-99.42,BB,BB,BB,CC,AA
1,2002,5176,623,623,104.13,-99.33,BB,BB,BB,CC,AA
1,2002,5176,624,624,107.69,-98.6,BB,BB,BB,CC,AA
1,2002,5176,625,625,106.88,-99.82,BB,BB,BB,CC,AA
1,2002,5176,626,626,106.33,-100.34,BB,BB,BB,CC,AA
1,2002,5176,627,627,106.45,-100.17,BB,BB,BB,CC,AA
1,2002,5168,628,628,108.21,-117.59,BB,BB,AB,CC,AA
1,2002,5168,629,629,107.87,-118.55,BC,BB,BB,CC,AA
1,2002,5168,630,630,108.63,-118.32,BB,BB,BB,NA,AA
1,2002,5168,631,631,109.84,-118.64,BB,BB,BB,CC,AA
1,2002,5168,632,632,109.71,-116.88,BB,BB,BB,CC,AA
1,2002,5168,633,633,109.42,-116.38,BB,BB,BB,CC,AA
1,2002,5169,634,634,106.8,-114.12,BB,BB,BB,CC,AA
1,2002,5169,635,635,106.82,-114.03,BB,BB,BB,CC,AA
1,2002,5169,636,636,109.02,-114.31,BB,BB,BB,CC,AA
1,2002,5169,637,637,108.05,-111.58,BB,BB,BB,CC,AA
1,2002,5169,638,638,108.01,-111.55,BB,BB,BB,CC,AA
1,2002,5169,639,639,107.13,-112.62,CC,BB,BB,CC,AA
1,2002,5169,640,640,106.06,-113.51,BB,BB,BB,CC,AA
1,2002,5169,641,641,107.09,-112.56,BB,BB,BB,CC,AA
1,2002,5169,642,642,107.04,-112.52,BB,BB,BB,CC,AA
1,2002,5169,643,643,106.9,-112.57,BB,BB,BB,NA,AA
1,2002,5169,643,643,106.9,-112.57,BB,BB,BB,CC,AA
1,2002,5169,643,643,106.9,-112.57,BB,BB,AA,CC,AA
1,2002,5169,644,644,106.28,-113.87,BB,BB,BB,CC,AA
1,2002,5169,645,645,106.17,-113.61,BB,BB,BB,CC,AA
1,2002,5248,646,646,103.35,-126.1,BB,BB,AA,CC,AA
1,2002,5247,647,647,100.32,-125.57,BC,BB,BB,CC,AA
1,2002,5247,648,648,100.87,-124.57,BC,BB,AA,CC,AA
1,2002,5161,649,649,104.31,-138.74,CC,BB,BB,CC,AA
1,2002,5156,650,650,75.66,-153.46,CC,BB,BB,CC,AA
1,2002,5156,651,651,75.68,-153.48,CC,BB,BB,NA,AA
1,2002,5156,652,652,75.31,-155.25,BB,BB,BB,CC,AA
1,2002,5156,653,653,75.25,-155.21,BC,BB,BB,CC,AA
1,2002,5156,654,654,75.21,-155.18,CC,BB,BB,CC,AA
1,2002,5155,655,655,81.15,-161.8,BC,BB,BB,CC,AA
1,2002,5155,656,656,80.81,-161.86,BB,BB,BB,CC,AA
1,2002,5155,657,657,81.24,-162.44,BB,BB,BB,CC,AA
1,2002,5155,658,658,80.76,-162.68,BB,BB,NA,CC,AA
1,2002,5152,659,659,86.59,-163.78,CC,BB,BB,CC,AA
1,2002,5152,660,660,86.71,-163.8,BB,BB,BB,CC,AA
1,2002,5152,661,661,86.55,-163.75,BB,BB,AB,CC,AA
1,2002,5152,662,662,87.51,-164.55,BB,BB,BB,CC,AA
1,2002,5149,663,663,106.81,-161.41,BB,BB,BB,CC,AA
1,2002,5149,664,664,107.94,-163.15,BB,BB,BB,CC,AA
1,2002,5148,665,665,107.99,-166.82,BB,BB,BB,CC,AA
1,2002,5203,666,666,42.99,36.1,BB,BB,BB,NA,AA
1,2002,5197,667,667,37.88,-47.27,BB,BB,BB,CC,AA
1,2002,5197,668,668,32.49,-44.4,BB,BB,BB,CC,AA
1,2002,5197,669,669,32.79,-45.29,BB,BB,BB,NA,AA
1,2002,5197,670,670,33.98,-47.16,BB,BB,BB,CC,AA
1,2002,5197,671,671,34.1,-47.24,BB,BB,BB,CC,AA
1,2002,5197,672,672,33.6,-47.32,CC,BB,BB,CC,AA
1,2002,5197,673,673,34.74,-47.46,BB,BB,BB,CC,AA
1,2002,5197,674,674,39.32,-53.15,BB,BB,BB,CC,AA
1,2002,5197,675,675,34.08,-50.81,BB,BB,BB,CC,AA
1,2002,5197,676,676,36.34,-53.71,BB,BB,BB,NA,AA
1,2002,5197,677,677,36.3,-53.65,BB,BB,BB,CC,AA
1,2002,5197,678,678,36.68,-54.66,BB,BB,BB,CC,AA
1,2002,5197,679,679,33.33,-43.8,BB,BB,BB,CC,AA
1,2002,5197,680,680,38.74,-50.86,BB,BB,BB,CC,AA
1,2002,5197,681,681,38.84,-52.14,BB,BB,BB,CC,AA
1,2002,5197,682,682,38.73,-51.16,BB,BB,BB,CC,AA
1,2002,5197,683,683,34.57,-49.78,BB,BB,BB,CC,AA
1,2002,5197,684,684,34.84,-49.55,BB,BB,BB,CC,AA
1,2002,5197,685,685,34.79,-49.59,BB,BB,BB,CC,AA
1,2002,5197,686,686,35.03,-48.9,BB,BB,BB,CC,AA
1,2002,5197,687,687,34.97,-49.15,BB,BB,BB,CC,AA
1,2002,5198,688,688,34.29,-25.38,CC,BB,BB,CC,AA
1,2002,5236,689,689,28.63,-12.69,BB,BB,BB,NA,AA
1,2002,5236,690,690,28.6,-12.7,BB,BB,BB,CC,AA
1,2002,5212,691,691,-2.51,-7.01,BB,BB,BB,BB,AA
1,2002,5212,692,692,-1.88,-7.72,BB,BB,BB,NA,AA
1,2002,5212,693,693,-1.94,-7.52,BB,BB,BB,NA,AA
1,2002,5212,694,NA,NA,NA,NA,NA,NA,NA,NA
1,2002,5212,695,695,-2.25,-7.86,BB,BB,BB,BB,AA
1,2002,5212,696,696,-1.87,-6.31,BB,BB,BB,BB,AA
1,2002,5209,697,697,18.82,5.5,BB,BB,BB,BC,AA
1,2002,5209,698,698,19.09,5.95,BB,BB,BB,CC,AA
1,2002,5209,699,699,16.9,6.05,BB,BB,BB,BB,AA
1,2002,5203,700,700,24.93,37.51,BB,BB,BB,BB,AA
1,2002,5236,701,701,29.18,-12.59,BB,BB,BB,CC,AA
1,2002,5236,702,702,29.16,-13.35,BB,BB,BB,CC,AA
1,2002,5212,703,703,-2.14,-7.61,BB,BB,BB,BB,AA
1,2002,5212,704,704,-1.95,-7.42,BC,BB,BB,BB,AA
1,2002,5212,705,705,-1.68,-7.57,BB,BB,BB,BC,AA
1,2002,5212,706,706,-1.94,-6.96,BB,BB,BB,BC,AA
1,2002,5212,707,707,-1.97,-6.88,CC,BB,BB,CC,AA
1,2002,5212,708,708,-2.68,-6.66,CC,BB,BB,CC,AA
1,2002,5212,709,709,-2.7,-6.68,BB,BB,BB,CC,AA
1,2002,5212,710,710,-2.76,-6.74,BB,BB,BB,CC,AA
1,2002,5212,711,711,-3.01,-6.76,CC,BB,BB,CC,AA
1,2002,5212,712,712,-3.14,-7.05,BB,BB,BB,CC,AA
1,2002,5212,713,713,-2.98,-6.94,BB,BB,BB,BC,AA
1,2002,5212,714,714,-3.75,-7.02,BB,BB,BB,BB,AA
1,2002,5212,715,715,-3.58,-7,BB,BB,BB,BC,AA
1,2002,5212,716,716,-3.43,-7.19,CC,BB,BB,CC,AA
1,2002,5212,717,717,-2.91,-7.31,CC,BB,BB,BB,AA
1,2002,5212,718,718,-2.96,-7.28,CC,BB,BB,BB,AA
1,2002,5212,719,719,-2.98,-7.37,BC,BB,BB,BB,AA
1,2002,5212,720,720,-3.02,-7.82,BB,BB,BB,CC,AA
1,2002,5212,721,721,-2.4,-7.06,BB,BB,BB,CC,AA
1,2002,5212,722,722,-2.23,-7.22,CC,BB,BB,BB,AA
1,2002,5212,723,723,-4.96,-6.58,CC,BB,BB,BB,AA
1,2002,5212,724,724,-3.27,-6.82,BB,BB,BB,BB,AA
1,2002,5212,725,725,-5.23,-6.1,BB,BB,BB,CC,AA
1,2002,5212,726,726,-5.82,-6.67,BB,BB,BB,BB,AA
1,2002,5212,727,727,-6.13,-5.38,BC,BB,BB,CC,AA
1,2002,5212,728,728,-7.51,-4.37,BC,BB,BB,BC,AA
1,2002,5212,729,729,-7.36,-4.57,BB,BB,BB,CC,AA
1,2002,5212,730,730,-7.23,-4.55,BB,BB,BB,CC,AA
1,2002,5212,730,730,-7.23,-4.55,BB,BB,BB,CC,AA
1,2002,5212,730,730,-7.23,-4.55,BB,BB,BB,NA,AA
1,2002,5212,730,730,-7.23,-4.55,BB,BB,BB,CC,AA
1,2002,5198,731,731,34.54,-23.56,BC,BB,BB,CC,AA
1,2002,5198,732,732,35.02,-28.73,BC,BB,BB,BC,AA
1,2002,5198,733,733,35.02,-28.74,BC,BB,BB,CC,AA
1,2002,5198,734,734,35.03,-28.85,BB,BB,BB,CC,AA
1,2002,5198,735,735,35.09,-28.89,BB,BB,BB,CC,AA
1,2002,5197,736,736,32.06,-44.95,BB,BB,BB,CC,AA
1,2002,5197,737,737,32.24,-45.21,BB,BB,BB,CC,AA
1,2002,5197,738,738,32.73,-44.5,BB,BB,BB,CC,AA
1,2002,5197,739,739,32.92,-44.72,BB,BB,BB,CC,AA
1,2002,5197,740,740,33.15,-44.78,BB,BB,BB,CC,AA
1,2002,5197,741,741,33.66,-45.29,BC,BB,BB,CC,AA
1,2002,5197,742,742,33.02,-45.27,BB,BB,BB,CC,AA
1,2002,5197,743,743,33.01,-45.23,BB,BB,BB,CC,AA
1,2002,5197,744,744,32.91,-45.72,BB,BB,BB,CC,AA
1,2002,5197,745,745,32.75,-45.58,BB,BB,BB,CC,AA
1,2002,5197,746,746,32.81,-46.12,BB,BB,BB,CC,AA
1,2002,5197,747,747,32.59,-45.72,BB,BB,BB,CC,AA
1,2002,5197,748,748,32.56,-45.98,BB,BB,BB,CC,AA
1,2002,5197,749,749,32.98,-46.45,BB,BB,BB,CC,AA
1,2002,5197,750,750,33.08,-46.23,BB,BB,BB,CC,AA
1,2002,5197,751,751,32.88,-46.43,BB,BB,BB,CC,AA
1,2002,5197,752,752,32.94,-46.59,BB,BB,BB,CC,AA
1,2002,5197,753,753,32.81,-46.68,BB,BB,BB,CC,AA
1,2002,5197,754,754,32.66,-46.78,BB,BB,BB,CC,AA
1,2002,5197,755,755,32.59,-46.43,BB,BB,BB,CC,AA
1,2002,5197,756,756,31.29,-46.51,BB,BB,BB,CC,AA
1,2002,5197,757,757,34.67,-47,CC,BB,BB,CC,AA
1,2002,5197,758,758,34.06,-45.72,BB,BB,BB,CC,AA
1,2002,5197,759,759,36.21,-43.42,BB,BB,BB,CC,AA
1,2002,5197,760,760,37.21,-44.63,BB,BB,BB,CC,AA
1,2002,5197,761,NA,NA,NA,NA,NA,NA,NA,NA
1,2002,5197,762,762,37.69,-44.55,BB,BB,BB,CC,AA
1,2002,5197,763,763,37.94,-46.63,BB,BB,BB,CC,AA
1,2002,5197,764,764,37.11,-47.88,BB,BB,BB,CC,AA
1,2002,5197,765,765,36.98,-47.93,BB,BB,BB,CC,AA
1,2002,5197,766,766,37.01,-48.19,BB,BB,BB,CC,AA
1,2002,5197,767,767,36.53,-48.17,BB,BB,BB,CC,AA
1,2002,5197,768,768,36.61,-48.39,BB,BB,BB,CC,AA
1,2002,5197,769,769,37.57,-50.38,BB,BB,BB,CC,AA
1,2002,5197,770,770,37.3,-50.35,BB,BB,BB,CC,AA
1,2002,5197,771,771,37.05,-50.57,BB,BB,BB,CC,AA
1,2002,5197,772,772,36.97,-50.61,BB,BB,BB,CC,AA
1,2002,5197,773,773,36.65,-49.8,BB,BB,BB,CC,AA
1,2002,5197,774,774,36.55,-50.14,BB,BB,BB,NA,AA
1,2002,5197,775,775,36.29,-50.02,BB,BB,BB,CC,AA
1,2002,5197,776,776,35.4,-50.21,BB,BB,BB,CC,AA
1,2002,5197,777,777,35.46,-50.08,BB,BB,BB,CC,AA
1,2002,5197,778,778,34.54,-50.25,BB,BB,BB,CC,AA
1,2002,5197,779,779,36.99,-51.88,BB,BB,BB,CC,AA
1,2002,5197,780,780,36.75,-51.84,BB,BB,BB,CC,AA
1,2002,5197,781,781,36.76,-51.71,BB,BB,BB,CC,AA
1,2002,5197,782,782,36.63,-51.76,BB,BB,BB,CC,AA
1,2002,5197,783,783,36.7,-52.24,BB,BB,BB,CC,AA
1,2002,5197,784,784,37.67,-52.28,BB,BB,BB,CC,AA
1,2002,5197,785,785,37.93,-53.63,BB,BB,BB,CC,AA
1,2002,5197,786,786,38.07,-53.19,BB,BB,BB,CC,AA
1,2002,5197,787,787,38.3,-51.25,BB,BB,BB,CC,AA
1,2002,5197,788,788,37.28,-49.14,BB,BB,BB,CC,AA
1,2002,5197,789,789,37.22,-49.07,BB,BB,BB,CC,AA
1,2002,5197,790,790,37.28,-49.38,BB,BB,BB,CC,AA
1,2002,5197,791,791,36.72,-49.4,BB,BB,BB,CC,AA
1,2002,5197,792,792,36.9,-49.16,BB,BB,BB,CC,AA
1,2002,5203,793,793,39.68,38.73,BB,BB,BB,CC,AA
1,2002,5192,794,794,56.89,-90.76,BB,BB,BB,CC,AA
1,2002,5192,795,795,55.8,-90.62,BB,BB,BB,CC,AA
1,2002,5176,796,796,107.88,-98.68,BB,BB,BB,CC,AA
1,2002,5176,797,797,106.08,-100.38,BB,BB,BB,CC,AA
1,2002,5161,798,798,107.19,-133.91,BC,BB,BB,CC,AA
1,2002,5161,799,799,104.35,-135.39,BC,BB,BB,CC,AA
1,2002,5161,800,800,104,-137.95,BB,BB,AB,CC,AA
1,2002,5161,801,801,103.12,-139.41,BB,BB,BB,CC,AA
1,2002,5161,802,802,103.1,-139.4,BB,BB,BB,CC,AA
1,2002,5161,803,803,102.62,-139.51,BC,BB,BB,CC,AA
1,2002,5161,804,804,102.13,-140.23,BB,BB,BB,CC,AA
1,2002,5156,805,805,76.13,-156.34,BC,BB,BB,CC,AA
1,2002,5156,806,806,76.06,-156.35,CC,BB,BB,CC,AA
1,2002,5156,807,807,75.94,-156.39,CC,BB,BB,CC,AA
1,2002,5156,808,808,76.01,-156.01,CC,BB,BB,CC,AA
1,2002,5156,809,809,76.57,-155.74,CC,BB,BB,CC,AA
1,2002,5156,810,810,76.29,-155.15,CC,BB,BB,CC,AA
1,2002,5156,811,811,76.54,-155.34,BC,BB,BB,CC,AA
1,2002,5156,812,812,76.67,-155.63,BB,BB,BB,CC,AA
1,2002,5156,813,813,76.62,-155.72,BC,BB,BB,CC,AA
1,2002,5156,814,814,76.76,-155.7,BB,BB,BB,CC,AA
1,2002,5156,815,815,76.84,-155.7,BC,BB,BB,CC,AA
1,2002,5156,816,816,77.1,-154.9,BC,BB,BB,CC,AA
1,2002,5156,817,817,77.14,-154.86,BC,BB,BB,CC,AA
1,2002,5156,818,818,74.2,-153.83,CC,BB,BB,CC,AA
1,2002,5156,819,819,74.14,-153.57,BC,BB,BB,CC,AA
1,2002,5156,820,820,74.24,-153.52,CC,BB,BB,CC,AA
1,2002,5156,821,821,74.23,-153.5,CC,BB,BB,CC,AA
1,2002,5156,822,822,74.37,-153.68,CC,BB,BB,CC,AA
1,2002,5156,823,823,74.12,-153.14,CC,BB,BB,CC,AA
1,2002,5156,824,824,77.39,-155.06,BC,BB,AA,CC,AA
1,2002,5156,825,825,76.47,-156.16,BC,BB,BB,CC,AA
1,2002,5110,826,826,15.85,-334.59,BB,BB,BB,CC,AA
1,2002,5106,827,827,16.91,-344.97,BB,BB,BB,CC,AA
1,2002,5203,901,901,23.76,36.95,BB,BB,BB,CC,AA
1,2002,5231,902,902,53.81,20.25,BB,BB,BB,CC,AA
1,2002,5231,903,903,53.93,19.47,BB,BB,BB,NA,AA
1,2002,5231,904,904,53.96,19.03,BB,BB,BB,BB,AA
1,2002,5209,905,905,16.85,6.07,BB,BB,BB,BC,AA
1,2002,5209,906,906,15.78,5.13,BB,BB,BB,CC,AA
1,2002,5209,907,907,14.55,6.39,BC,BB,BB,CC,AA
1,2002,5209,908,908,18.53,6.06,BB,BB,BB,CC,AA
1,2002,5209,909,909,18.64,5.95,BC,BB,BB,BC,AA
1,2002,5209,910,910,18.95,5.86,BC,BB,BB,CC,AA
1,2002,5209,911,911,18.51,3.97,CC,BB,BB,CC,AA
1,2002,5209,912,912,18.61,4.02,BC,BB,BB,CC,AA
1,2002,5209,913,913,20.02,3.67,BB,BB,BB,CC,AA
1,2002,5209,914,914,20.35,4.66,BB,BB,BB,BB,AA
1,2002,5212,915,915,-2.06,-7.48,BB,BB,BB,CC,AA
1,2002,5212,916,916,-2.2,-7.43,BB,BB,BB,BB,AA
1,2002,5212,917,917,-2.38,-7.5,BB,BB,BB,BB,AA
1,2002,5212,918,918,-2.4,-7.39,BB,BB,BB,CC,AA
1,2002,5212,919,919,-2.28,-7,BB,BB,BB,BB,AA
1,2002,5212,920,920,-2.4,-6.93,BB,BB,BB,BB,AA
1,2002,5212,921,921,-2.44,-7.04,BB,BB,BB,CC,AA
1,2002,5212,922,922,-2.62,-7.2,BB,BB,BB,CC,AA
1,2002,5212,923,923,-3.02,-7.44,BB,BB,BB,CC,AA
1,2002,5212,924,924,-2.97,-7.57,BB,BB,BB,CC,AA
1,2002,5212,925,925,-3.3,-7.42,BB,BB,BB,BC,AA
1,2002,5212,926,926,-3.21,-7.6,BB,BB,BB,NA,AA
1,2002,5212,927,927,-3.1,-6.66,BB,BB,BB,BB,AA
1,2002,5212,928,928,-3.9,-6.52,BB,BB,BB,BB,AA
1,2002,5212,929,929,-3.95,-6.45,BB,BB,BB,NA,AA
1,2002,5212,930,930,-3.92,-6.41,BB,BB,BB,NA,AA
1,2002,5212,931,931,-3.86,-6.52,BB,BB,BB,CC,AA
1,2002,5212,932,932,-3.58,-6.68,CC,BB,BB,BC,AA
1,2002,5212,933,933,-3.97,-7.26,BB,BB,BB,CC,AA
1,2002,5212,934,934,-4.05,-6.9,BC,BB,BB,BB,AA
1,2002,5212,935,935,-4.55,-6.65,BB,BB,BB,CC,AA
1,2002,5212,936,936,-4.82,-6.37,BB,BB,BB,BB,AA
1,2002,5212,937,937,-4.75,-6.58,BB,BB,BB,NA,AA
1,2002,5212,938,938,-4.83,-6.73,BB,BB,BB,NA,AA
1,2002,5212,939,939,-5.6,-5.66,BB,BB,BB,CC,AA
1,2002,5212,940,940,-6.89,-5.34,BC,BB,BB,CC,AA
1,2002,5212,941,941,-6.91,-5.38,BB,BB,BB,NA,AA
1,2002,5212,942,942,-6.98,-5.28,CC,BB,BB,CC,AA
1,2002,5212,943,943,-7.03,-4.76,BB,BB,BB,BB,AA
1,2002,5212,944,944,-7.07,-4.64,BB,BB,BB,BC,AA
1,2002,5212,945,945,-7.34,-4.6,BB,BB,BB,CC,AA
1,2002,5212,946,946,-7.36,-4.63,BB,BB,AA,BC,AA
1,2002,5199,947,947,30.63,-8.85,BC,BB,BB,CC,AA
1,2002,5199,948,948,29.91,-8.82,BB,BB,BB,CC,AA
1,2002,5199,949,949,29.28,-8.88,BC,BB,BB,CC,AA
1,2002,5236,950,950,27.97,-10.48,BC,BB,BB,CC,AA
1,2002,5198,951,951,34.91,-24.16,BC,BB,BB,CC,AA
1,2002,5198,952,NA,NA,NA,NA,NA,NA,NA,NA
1,2002,5198,953,953,35.61,-25.11,BB,BB,BB,CC,AA
1,2002,5198,954,954,34.96,-25.49,BB,BB,BB,BB,AA
1,2002,5198,955,955,34.81,-25.68,BB,BB,BB,CC,AA
1,2002,5198,956,956,34.77,-25.66,BC,BB,BB,CC,AA
1,2002,5198,956,956,34.77,-25.66,BB,BB,BB,BB,AA
1,2002,5198,956,956,34.77,-25.66,BB,BB,BB,CC,AA
1,2002,5198,956,956,34.77,-25.66,BB,BB,BB,BB,AA
1,2002,5198,956,956,34.77,-25.66,BB,BB,BB,CC,AA
1,2002,5198,957,957,34.74,-25.59,CC,BB,BB,NA,AA
1,2002,5198,958,958,34.71,-25.66,BB,BB,BB,CC,AA
1,2002,5198,959,959,34.64,-25.6,BB,BB,BB,CC,AA
1,2002,5198,960,960,34.31,-23.42,BC,BB,BB,CC,AA
1,2002,5198,961,961,35.27,-28.59,BB,BB,BB,CC,AA
1,2002,5198,962,962,35.18,-28.62,BB,BB,BB,CC,AA
1,2002,5198,963,963,35.49,-29.05,BB,BB,BB,CC,AA
1,2002,5198,964,964,35.06,-28.74,BB,BB,BB,CC,AA
1,2002,5197,965,965,38.18,-44.88,BB,BB,BB,CC,AA
1,2002,5197,966,966,38.06,-44.86,BB,BB,BB,CC,AA
1,2002,5197,967,967,37.47,-45.03,BB,BB,BB,CC,AA
1,2002,5197,968,968,36.59,-44.89,BB,BB,BB,CC,AA
1,2002,5197,969,969,36.47,-44.9,BB,BB,BB,CC,AA
1,2002,5197,970,970,35.46,-45.84,BB,BB,BB,CC,AA
1,2002,5197,971,971,34.67,-46.72,BB,BB,BB,CC,AA
1,2002,5197,972,972,34.25,-46.54,BB,BB,BB,CC,AA
1,2002,5197,973,973,33.92,-46.68,BC,BB,BB,CC,AA
1,2002,5197,974,974,33.37,-46.39,BB,BB,BB,CC,AA
1,2002,5197,975,975,34.01,-47.23,BC,BB,BB,CC,AA
1,2002,5197,976,976,34.06,-47.19,BC,BB,BB,CC,AA
1,2002,5197,977,977,34.24,-47.27,BB,BB,BB,CC,AA
1,2002,5197,978,978,34.25,-47.59,BB,BB,BB,CC,AA
1,2002,5197,979,979,33.68,-46.95,BB,BB,BB,CC,AA
1,2002,5197,980,980,33.72,-46.98,BB,BB,BB,CC,AA
1,2002,5197,981,981,33.69,-46.91,BB,BB,BB,CC,AA
1,2002,5197,982,982,33.27,-47,BC,BB,BB,CC,AA
1,2002,5197,983,983,33.03,-46.99,BB,BB,BB,CC,AA
1,2002,5197,984,984,32.54,-48.13,BB,BB,BB,CC,AA
1,2002,5197,985,985,32.91,-46.52,BB,BB,BB,NA,AA
1,2002,5197,986,986,32.66,-45.58,BB,BB,BB,CC,AA
1,2002,5197,987,987,34.72,-50.33,BB,BB,BB,CC,AA
1,2002,5197,988,988,34.82,-50.3,BB,BB,BB,CC,AA
1,2002,5197,989,989,34.87,-50.21,BB,BB,BB,CC,AA
1,2002,5197,990,990,35.3,-50.18,BB,BB,BB,CC,AA
1,2002,5197,991,991,34.96,-50.26,BB,BB,BB,CC,AA
1,2002,5197,992,992,36,-50.27,BB,BB,BB,CC,AA
1,2002,5197,993,993,36.24,-49.37,BB,BB,BB,CC,AA
1,2002,5197,994,994,36.67,-48.63,BB,BB,BB,CC,AA
1,2002,5197,995,995,37.28,-50.63,BB,BB,BB,CC,AA
1,2002,5197,996,996,36.96,-50.7,BB,BB,BB,CC,AA
1,2002,5197,997,997,36.73,-50.58,BB,BB,BB,CC,AA
1,2002,5197,998,998,36.57,-50.63,BB,BB,BB,CC,AA
1,2002,5197,999,999,39.92,-50.57,BB,BB,BB,CC,AA
1,2002,5197,1000,1000,39.79,-50.58,BB,BB,BB,CC,AA
1,2003,5212,1101,1101,-6.36,-5.43,BB,BB,BB,CC,AA
1,2003,5212,1102,1102,-6.56,-5.05,BB,BB,BB,BB,AA
1,2003,5212,1102,1102,-6.56,-5.05,BB,BB,BB,BB,AA
1,2003,5212,1102,1102,-6.56,-5.05,BC,BB,BB,BB,AA
1,2003,5212,1102,1102,-6.56,-5.05,BB,BB,BB,DD,AA
1,2003,5212,1103,1103,-6.46,-5.08,BB,BB,BB,NA,AA
1,2003,5212,1104,1104,-6.46,-5.12,BB,BB,BB,BB,AA
1,2003,5212,1105,1105,-6.68,-5.5,BB,BB,BB,BB,AA
1,2003,5212,1106,1106,-6.55,-4.62,BB,BB,BB,BB,AA
1,2003,5212,1107,1107,-6.2,-5.24,BB,BB,BB,BB,AA
1,2003,5212,1108,1108,-6.85,-5.41,BB,BB,BB,NA,AA
1,2003,5212,1109,1109,-7.92,-4.43,BB,BB,BB,CC,AA
1,2003,5212,1110,1110,-8.06,-4.65,BB,BB,BB,BB,AA
1,2003,5212,1111,1111,-8.13,-4.59,BB,BB,BB,BB,AA
1,2003,5212,1112,1112,-8.33,-4.79,BB,BB,BB,BC,AA
1,2003,5212,1113,1113,-7.49,-5.36,BB,BB,BB,BB,AA
1,2003,5212,1114,1114,-7.45,-5.48,BB,BB,BB,BB,AA
1,2003,5212,1115,1115,-7.77,-6.69,BB,BB,BB,BD,AA
1,2003,5212,1116,1116,-7.66,-6.75,BC,BB,BB,BB,AA
1,2003,5212,1117,1117,-7.51,-7.38,BB,BB,BB,BB,AA
1,2003,5212,1118,1118,-7.38,-7.3,BB,BB,BB,BB,AA
1,2003,5212,1119,1119,-7.42,-7.47,BB,BB,BB,CC,AA
1,2003,5212,1119,1119,-7.42,-7.47,BB,BB,BB,CC,AA
1,2003,5212,1119,1119,-7.42,-7.47,BB,BB,BB,CC,AA
1,2003,5212,1120,1120,-7.39,-7.51,BB,BB,BB,BB,AA
1,2003,5212,1121,1121,-7.34,-7.52,NA,BB,BB,NA,AA
1,2003,5212,1122,1122,-7.25,-7.57,NA,BB,BB,NA,AA
1,2003,5212,1123,1123,-7.22,-7.41,BB,BB,BB,NA,AA
1,2003,5212,1124,1124,-7.29,-7.36,CC,BB,BB,CC,AA
1,2003,5212,1125,1125,-7.21,-7.34,BB,BB,BB,NA,AA
1,2003,5212,1126,1126,-7.13,-7.29,BB,BB,BB,CC,AA
1,2003,5212,1126,1126,-7.13,-7.29,BB,BB,BB,NA,AA
1,2003,5212,1126,1126,-7.13,-7.29,BB,BB,BB,NA,AA
1,2003,5212,1127,1127,-7.13,-7.36,BB,BB,BB,CC,AA
1,2003,5212,1128,1128,-7.06,-7.44,CC,BB,BB,NA,AA
1,2003,5212,1129,1129,-7.29,-9.65,BB,BB,BB,NA,AA
1,2003,5212,1130,1130,-6.7,-10.25,BC,BB,BB,CC,AA
1,2003,5212,1130,1130,-6.7,-10.25,BB,BB,BB,NA,AA
1,2003,5212,1130,1130,-6.7,-10.25,NA,NA,NA,NA,NA
1,2003,5212,1130,1130,-6.7,-10.25,BB,BB,BB,NA,AA
1,2003,5212,1131,1131,-6.7,-9.83,NA,BB,BB,NA,AA
1,2003,5212,1132,1132,-6.72,-10.38,BB,BB,BB,NA,AA
1,2003,5212,1133,1133,-7.05,-10.72,BB,BB,BB,NA,AA
1,2003,5212,1134,1134,-7.15,-10.85,CC,BB,BB,CC,AA
1,2003,5212,1135,1135,-6.45,-10.7,BC,BB,BB,NA,AA
1,2003,5212,1136,1136,-6.87,-11.37,BC,BB,BB,BC,AA
1,2003,5212,1137,1137,-6.76,-11.37,BB,BB,BB,NA,AA
1,2003,5212,1138,1138,-6.9,-11.4,NA,BB,BB,NA,AA
1,2003,5212,1139,1139,-6.77,-11.5,NA,BB,BB,NA,AA
1,2003,5212,1140,1140,-6.88,-11.53,NA,BB,BB,NA,AA
1,2003,5212,1141,1141,-6.69,-11.69,BB,BB,BB,NA,AA
1,2003,5212,1142,1142,-6.66,-11.53,BB,BB,BB,CC,AA
1,2003,5212,1142,1142,-6.66,-11.53,BB,BB,BB,CC,AA
1,2003,5212,1142,1142,-6.66,-11.53,BB,BB,BB,CC,AA
1,2003,5212,1143,1143,-6.52,-11.53,BB,BB,BB,CC,AA
1,2003,5212,1144,1144,-6.47,-11.68,NA,BB,BB,NA,AA
1,2003,5212,1145,1145,-6.58,-10.38,NA,BB,BB,NA,AA
1,2003,5213,1146,1146,-11.28,-13.99,NA,BB,BB,NA,AA
1,2003,5213,1147,1147,-12.42,-12.51,NA,BB,BB,NA,AA
1,2003,5216,1148,1148,-10.87,-26.63,BB,BB,BB,CC,AA
1,2003,5216,1149,1149,-10.8,-26.7,NA,BB,BB,NA,AA
1,2003,5216,1150,1150,-10.6,-26.96,BB,BB,BB,NA,AA
1,2003,5216,1151,1151,-9.42,-28.83,NA,BB,BB,NA,AA
1,2003,5220,1152,1152,24.14,-47.59,NA,BB,BB,NA,AA
1,2003,5196,1153,1153,43.47,-69,BB,BB,BB,CC,AA
1,2003,5196,1154,1154,43.4,-68.31,BB,BB,BB,CC,AA
1,2003,5196,1155,1155,43.4,-69.02,BB,BB,BB,CC,AA
1,2003,5192,1156,1156,56.11,-90.36,BB,BB,BB,CC,AA
1,2003,5192,1157,1157,55.75,-89.68,BB,BB,BB,CC,AA
1,2003,5192,1158,1158,55.52,-89.64,BB,BB,BB,CC,AA
1,2003,5192,1159,1159,55.51,-90.21,BB,BB,BB,CC,AA
1,2003,5192,1160,1160,55.94,-90.41,BB,BB,BB,CC,AA
1,2003,5192,1161,1161,55.85,-90.54,BB,BB,BB,CC,AA
1,2003,5174,1162,1162,118.62,-106.17,BB,BB,BB,CC,AA
1,2003,5176,1163,1163,106.12,-98.39,BB,BB,BB,CC,AA
1,2003,5176,1164,1164,106.21,-98.19,BB,BB,BB,CC,AA
1,2003,5176,1165,1165,105.02,-99.19,BB,BB,BB,CC,AA
1,2003,5176,1166,1166,104.5,-100.6,BB,BB,BB,CC,AA
1,2003,5176,1167,1167,104.02,-99.18,BB,BB,BB,CC,AA
1,2003,5176,1168,1168,103.76,-99.07,BB,BB,BB,CC,AA
1,2003,5176,1169,1169,104.18,-97.83,BB,BB,BB,CC,AA
1,2003,5176,1170,NA,NA,NA,BB,BB,BB,CC,AA
1,2003,5176,1171,1171,103.09,-97.63,BB,BB,BB,CC,AA
1,2003,5176,1172,1172,104.79,-99.44,NA,NA,NA,NA,NA
1,2003,5176,1173,1173,104.92,-99.51,BB,BB,BB,CC,AA
1,2003,5176,1174,1174,101.37,-97.69,BB,BB,BB,BB,AA
1,2003,5176,1175,1175,99.82,-94.79,BB,BB,BB,CC,AA
1,2003,5176,1176,1176,101.8,-95.64,BB,BB,AA,CC,AA
1,2003,5176,1177,1177,100.19,-97.26,BB,BB,BB,CC,AA
1,2003,5176,1178,1178,100.26,-97.42,BB,BB,BB,CC,AA
1,2003,5176,1179,1179,100.39,-97.09,BB,BB,CC,CC,AA
1,2003,5169,1180,1180,113.25,-109.33,BB,BB,BB,CC,AA
1,2003,5169,1181,1181,112.71,-109.54,NA,BB,BB,NA,AA
1,2003,5169,1182,1182,111.53,-109,BB,BB,BB,CC,AA
1,2003,5169,1183,1183,106.5,-112.39,BC,BB,AB,CC,AA
1,2003,5169,1184,1184,106.14,-114.15,BB,BB,BB,CC,AA
1,2003,5169,1185,1185,105.38,-113.51,BB,BB,BB,CC,AA
1,2003,5169,1186,1186,104.82,-113.54,BB,BB,BB,CC,AA
1,2003,5169,1187,1187,103.9,-109.96,CC,BB,BB,CC,AA
1,2003,5169,1188,1188,104.99,-112.98,BB,BB,BB,CC,AA
1,2003,5169,1189,1189,105.06,-111.93,BC,BB,BB,CC,AA
1,2003,5169,1190,1190,105.12,-111.84,NA,NA,NA,NA,NA
1,2003,5169,1191,1191,106.21,-111.54,BB,BB,BB,CC,AA
1,2003,5197,1192,NA,NA,NA,BB,BB,BB,CC,AA
1,2003,5197,1193,NA,NA,NA,BB,BB,BB,CC,AA
1,2003,5197,1195,1195,38.56,-43.36,BB,BB,BB,CC,AA
1,2003,5197,1196,1196,36.91,-44.16,BB,BB,BB,CC,AA
1,2003,5197,1197,1197,36.27,-44.27,BB,BB,BB,CC,AA
1,2003,5197,1198,1198,35.85,-45.11,BB,BB,BB,CC,AA
1,2003,5197,1199,1199,35.37,-44.54,BB,BB,BB,CC,AA
1,2003,5197,1200,1200,34,-45.02,BB,BB,BB,CC,AA
1,2003,5197,1201,1201,34.37,-48.81,BB,BB,BB,CC,AA
1,2003,5197,1202,1202,33.16,-48.89,BB,BB,BB,CC,AA
1,2003,5197,1203,1203,33.52,-49.66,BB,BB,BB,CC,AA
1,2003,5197,1204,1204,34.44,-49.37,BB,BB,BB,CC,AA
1,2003,5197,1205,1205,34.53,-49.35,BB,BB,BB,CC,AA
1,2003,5197,1206,1206,34.54,-49.08,CC,BB,BB,CC,AA
1,2003,5197,1207,1207,34.56,-49.13,BB,BB,BB,CC,AA
1,2003,5197,1208,1208,34.58,-49.24,BB,BB,BB,CC,AA
1,2003,5197,1209,1209,34.71,-49.13,BB,BB,BB,CC,AA
1,2003,5197,1210,1210,34.85,-48.78,BB,BB,BB,CC,AA
1,2003,5197,1211,1211,35.42,-49.26,BB,BB,BB,CC,AA
1,2003,5197,1212,1212,35.58,-49.15,BB,BB,BB,CC,AA
1,2003,5197,1213,1213,35.61,-49.08,BB,BB,BB,CC,AA
1,2003,5197,1214,1214,34.93,-49.41,BB,BB,BB,CC,AA
1,2003,5197,1215,1215,34.67,-49.55,BB,BB,BB,CC,AA
1,2003,5197,1216,1216,34.86,-49.64,BC,BB,BB,CC,AA
1,2003,5197,1217,1217,34.51,-49.8,BB,BB,BB,CC,AA
1,2003,5197,1218,1218,34.54,-49.83,BB,BB,BB,CC,AA
1,2003,5197,1219,1219,34.55,-49.97,BB,BB,BB,CC,AA
1,2003,5197,1220,1220,34.88,-49.77,BB,BB,BB,CC,AA
1,2003,5197,1221,1221,34.93,-49.76,BB,BB,BB,CC,AA
1,2003,5197,1221,1221,34.93,-49.76,BB,BB,BB,CC,AA
1,2003,5197,1221,1221,34.93,-49.76,BB,BB,BB,CC,AA
1,2003,5197,1221,1221,34.93,-49.76,BB,BB,BB,CC,AA
1,2003,5197,1222,1222,34.02,-50.22,BB,BB,BB,CC,AA
1,2003,5197,1223,1223,33.87,-50.45,BB,BB,BB,CC,AA
1,2003,5197,1224,1224,33.8,-50.6,BB,BB,BB,CC,AA
1,2003,5197,1225,1225,33.54,-50.86,BB,BB,BB,CC,AA
1,2003,5197,1226,1226,33.54,-50.51,BB,BB,BB,CC,AA
1,2003,5197,1227,1227,35.11,-50.25,BB,BB,BB,CC,AA
1,2003,5197,1228,1228,35.1,-50.45,BB,BB,BB,CC,AA
1,2003,5197,1229,1229,35.49,-50.45,BB,BB,BB,CC,AA
1,2003,5197,1230,1230,37.16,-48.71,BB,BB,BB,CC,AA
1,2003,5197,1231,1231,37.64,-49.24,BB,BB,BB,CC,AA
1,2003,5197,1232,1232,37.91,-48.71,BB,BB,BB,CC,AA
1,2003,5197,1233,1233,37.8,-45.83,BB,BB,BB,CC,AA
1,2003,5197,1234,1234,38.53,-48.42,BB,BB,BB,CC,AA
1,2003,5197,1235,1235,38.56,-48.31,BB,BB,BB,CC,AA
1,2003,5197,1236,1236,38.4,-48.17,BB,BB,BB,CC,AA
1,2003,5197,1237,1237,38.43,-48.53,BB,BB,BB,CC,AA
1,2003,5197,1238,1238,38.11,-49.4,BB,BB,BB,CC,AA
1,2003,5197,1239,1239,38.06,-49.44,BB,BB,BB,CC,AA
1,2003,5197,1240,1240,38.15,-49.62,BB,BB,BB,CC,AA
1,2003,5197,1241,1241,38.2,-49.69,BB,BB,BB,CC,AA
1,2003,5197,1242,1242,38.41,-49.44,BB,BB,BB,CC,AA
1,2003,5197,1243,1243,39.54,-51.33,BB,BB,BB,CC,AA
1,2003,5197,1244,1244,38.8,-51.64,BB,BB,BB,CC,AA
1,2003,5197,1245,1245,38.64,-51.37,BB,BB,BB,CC,AA
1,2003,5197,1246,1246,38.69,-51.3,BB,BB,BB,CC,AA
1,2003,5197,1247,1247,38.6,-51.24,BB,BB,BB,CC,AA
1,2003,5197,1248,1248,38.4,-50.99,BB,BB,BB,CC,AA
1,2003,5197,1249,1249,37.62,-51.23,BB,BB,BB,CC,AA
1,2003,5197,1250,1250,37.55,-51.48,BB,BB,BB,CC,AA
1,2003,5197,1251,1251,37.17,-51.08,BB,BB,BB,CC,AA
1,2003,5197,1252,1252,37.82,-50.53,BB,BB,BB,CC,AA
1,2003,5197,1253,1253,37.96,-50.43,BB,BB,BB,CC,AA
1,2003,5197,1254,1254,37.82,-50.16,BB,BB,BB,CC,AA
1,2003,5197,1255,1255,37.6,-50.3,BB,BB,BB,CC,AA
1,2003,5197,1256,1256,37.51,-49.86,BB,BB,BB,CC,AA
1,2003,5197,1257,1257,37.46,-49.69,BB,BB,BB,CC,AA
1,2003,5197,1258,1258,37.07,-49.99,BB,BB,BB,CC,AA
1,2003,5197,1259,1259,37.03,-49.91,BB,BB,BB,CC,AA
1,2003,5197,1260,1260,36.98,-49.71,BB,BB,BB,CC,AA
1,2003,5197,1261,1261,37.11,-49.68,BB,BB,BB,CC,AA
1,2003,5197,1262,1262,36.9,-49.23,BB,BB,BB,CC,AA
1,2003,5197,1263,1263,36.66,-49.79,BB,BB,BB,CC,AA
1,2003,5197,1264,1264,36.17,-50.22,BB,BB,BB,CC,AA
1,2003,5197,1265,1265,36.13,-49.82,BB,BB,BB,CC,AA
1,2003,5197,1266,1266,36.5,-50.68,BB,BB,BB,CC,AA
1,2003,5197,1267,1267,35.68,-52.89,BB,BB,BB,CC,AA
1,2003,5197,1268,1268,35.7,-52.7,BB,BB,BB,CC,AA
1,2003,5197,1269,1269,37.49,-53.13,BB,BB,BB,CC,AA
1,2003,5197,1270,1270,37.2,-52.68,BB,BB,BB,CC,AA
1,2003,5197,1271,1271,37.27,-52.61,BB,BB,BB,CC,AA
1,2003,5197,1272,1272,37.02,-52.07,BB,BB,BB,CC,AA
1,2003,5197,1273,1273,37.14,-52.21,BB,BB,BB,CC,AA
1,2003,5197,1274,1274,37.4,-52.28,BB,BB,BB,CC,AA
1,2003,5130,1275,1275,84.54,-212.65,CC,BB,BB,CC,AA
1,2003,5130,1276,1276,84.48,-212.06,CC,BB,BB,CC,AA
1,2003,5130,1277,1277,84.34,-211.98,CC,BB,BB,CC,AA
1,2003,5197,1278,1278,38.56,-49.52,BB,BB,AA,CC,AA
1,2003,5197,1279,1279,38.28,-52.08,BB,BB,AA,CC,AA
1,2003,5197,1280,1280,38.02,-52.64,BB,BB,BB,CC,AA
1,2003,5197,1281,1281,38,-52.9,BB,BB,BB,CC,AA
1,2003,5197,1282,1282,38.78,-52.46,BB,BB,BB,CC,AA
1,2003,5197,1283,1283,38.78,-52.64,BB,BB,BB,CC,AA
1,2003,5197,1284,1284,38.89,-52.67,BB,BB,BB,CC,AA
1,2003,5197,1285,1285,39,-52.92,BB,BB,BB,CC,AA
1,2003,5197,1286,1286,39.36,-52.04,BB,BB,BB,CC,AA
1,2003,5197,1287,1287,39.45,-51.97,BB,BB,BB,CC,AA
1,2003,5189,1288,1288,80.14,-97.91,BB,BB,AA,CC,AA
1,2003,5189,1289,1289,79.83,-97.96,BB,BB,AB,CC,AA
1,2003,5189,1290,1290,80.29,-98.52,BB,BB,AA,CC,AA
1,2003,5189,1291,1291,79.93,-98.88,BB,BB,AA,CC,AA
1,2003,5189,1292,1292,80.13,-99.01,BB,BB,AA,CC,AA
1,2003,5189,1293,1293,80.58,-99.08,BB,BB,AA,CC,AA
1,2003,5189,1294,1294,80.54,-99.4,BB,BB,AA,CC,AA
1,2003,5189,1295,1295,80.22,-105.43,BB,BB,AB,CC,AA
1,2003,5183,1296,1296,72.55,-112.26,BB,BB,AA,CC,AA
1,2003,5183,1297,1297,72.5,-112.28,BB,BB,AA,CC,AA
1,2003,5188,1298,1298,88.31,-123.89,BC,BB,AA,CC,AA
1,2003,5188,1299,1299,88.38,-123.89,CC,BB,AA,CC,AA
1,2003,5188,1300,1300,88.4,-123.91,CC,BB,AA,CC,AA
1,2002,5148,1401,1401,107.22,-165.97,BB,BB,BB,CC,AA
1,2002,5148,1402,1402,107.15,-165.44,BC,BB,BB,CC,AA
1,2002,5148,1403,1403,107.64,-164.44,BB,BB,BB,?/?,AA
1,2002,5152,1404,1404,94.71,-167.91,BB,BB,BB,CC,AA
1,2002,5152,1405,1405,94.39,-166.86,BB,BB,BB,CC,AA
1,2002,5152,1406,1406,93.83,-165.88,BB,BB,BB,CC,AA
1,2002,5161,1407,1407,102.38,-136.1,CC,BB,AA,CC,AA
1,2002,5161,1408,1408,102.05,-140.57,CC,BB,AA,CC,AA
1,2002,5248,1409,1409,102.63,-126.1,BC,BB,AA,CC,AA
1,2002,5248,1410,1410,102.73,-126.08,BC,BB,BB,CC,AA
1,2002,5183,1411,1411,72.13,-113.29,BB,BB,AA,CC,AA
1,2002,5183,1412,1412,72.96,-112.58,BB,BB,AA,CC,AA
1,2002,5183,1413,1413,73.06,-112.85,BB,BB,AA,CC,AA
1,2002,5183,1414,1414,72.76,-113.02,BB,BB,AA,CC,AA
1,2002,5176,1415,1415,100.74,-98.3,BB,BB,BB,CC,AA
1,2002,5176,1416,1416,101.75,-98.16,BB,BB,BB,CC,AA
1,2002,5176,1417,1417,101.01,-97.26,NA,NA,NA,NA,NA
1,2002,5176,1417,1417,101.01,-97.26,NA,NA,NA,NA,NA
1,2002,5176,1417,1417,101.01,-97.26,CC,BB,BB,CC,AA
1,2002,5176,1418,1418,101.15,-97.13,BB,BB,BB,NA,AA
1,2002,5176,1419,1419,100.99,-97.14,BB,BB,BB,CC,AA
1,2002,5176,1420,1420,101.25,-95.81,BB,BB,BB,CC,AA
1,2002,5176,1421,1421,102.11,-96.71,BB,BB,BB,CC,AA
1,2002,5176,1422,1422,101.28,-97.12,BB,BB,BB,CC,AA
1,2002,5176,1423,1423,104.24,-97.78,BB,BB,BB,CC,AA
1,2002,5176,1424,1424,104.26,-97.75,BB,BB,BB,CC,AA
1,2002,5176,1425,1425,104.7,-99.1,BC,BB,BB,CC,AA
1,2002,5176,1426,1426,106.89,-100.31,BB,BB,BB,NA,AA
1,2002,5176,1427,1427,107.02,-100.22,BB,BB,BB,CC,AA
1,2002,5169,1428,1428,104,-113.31,BB,BB,BB,CC,AA
1,2002,5169,1429,1429,106.83,-114.33,BB,BB,BB,CC,AA
1,2002,5169,1430,1430,106.4,-114.43,BB,BB,BB,CC,AA
1,2002,5169,1431,1431,107.72,-112.79,BB,BB,BB,CC,AA
1,2002,5169,1432,1432,107.67,-111.77,BC,BB,BB,CC,AA
1,2002,5169,1433,1433,107.28,-110.92,BB,BB,BB,CC,AA
1,2002,5169,1434,1434,108.62,-109.81,BB,BB,BB,CC,AA
1,2002,5169,1435,1435,112.18,-109.52,BC,BB,BB,CC,AA
1,2002,5169,1436,1436,112.06,-109.55,BB,BB,BB,CC,AA
1,2002,5169,1437,1437,112.12,-109.52,BB,BB,AB,CC,AA
1,2002,5169,1438,1438,113.51,-109.51,NA,NA,NA,NA,NA
1,2002,5169,1439,1439,113.69,-109.5,BB,BB,BB,CC,AA
1,2002,5169,1440,1440,114.47,-109.29,BB,BB,BB,CC,AA
1,2002,5192,1441,1441,56.4,-90.92,BB,BB,NA,NA,AA
1,2002,5192,1442,1442,56.08,-90.26,NA,NA,NA,NA,NA
1,2002,5197,1443,1443,36.39,-53.69,BB,BB,BB,CC,AA
1,2002,5197,1444,1444,36.37,-53.74,BB,BB,BB,CC,AA
1,2002,5197,1445,1445,36.26,-53.72,BB,BB,BB,CC,AA
1,2002,5197,1446,1446,38.34,-54.9,BB,BB,BB,CC,AA
1,2002,5197,1447,1447,40.05,-53.48,BB,BB,BB,CC,AA
1,2002,5197,1448,1448,38.63,-52.9,BB,BB,BB,CC,AA
1,2002,5197,1449,1449,38.85,-53.16,BB,BB,BB,NA,AA
1,2002,5197,1450,1450,37.81,-53.38,BB,BB,BB,CC,AA
1,2002,5197,1451,1451,37.87,-53.54,BB,BB,BB,CC,AA
1,2002,5197,1452,1452,36.13,-51.48,BB,BB,BB,CC,AA
1,2002,5197,1453,1453,36.66,-54.47,BB,BB,BB,CC,AA
1,2002,5197,1454,1454,36.51,-54.49,BB,BB,BB,CC,AA
1,2002,5197,1455,1455,38.08,-54.02,BB,BB,BB,CC,AA
1,2002,5197,1456,1456,37.61,-49.5,BB,BB,BB,CC,AA
1,2002,5197,1457,1457,37.42,-49.41,BB,BB,BB,CC,AA
1,2002,5197,1458,1458,37.5,-49.39,BB,BB,BB,CC,AA
1,2002,5197,1459,1459,37.54,-49.24,BB,BB,BB,CC,AA
1,2002,5197,1460,1460,37.52,-49.33,BB,BB,BB,CC,AA
1,2002,5197,1461,1461,37.55,-49.34,BB,BB,BB,CC,AA
1,2002,5197,1462,1462,36.73,-48.75,BB,BB,BB,CC,AA
1,2002,5197,1463,1463,36.82,-50.42,BB,BB,BB,CC,AA
1,2002,5197,1464,1464,38.19,-51.94,BB,BB,BB,CC,AA
1,2002,5197,1465,1465,37.37,-51.29,BB,BB,BB,CC,AA
1,2002,5197,1466,1466,38.75,-51.87,BB,BB,BB,CC,AA
1,2002,5197,1467,1467,38.78,-51.81,BB,BB,BB,CC,AA
1,2002,5197,1468,1468,38.75,-51.66,BB,BB,BB,CC,AA
1,2002,5197,1469,1469,38.74,-51.13,BB,BB,BB,CC,AA
1,2002,5197,1470,1470,39.98,-47.91,BB,BB,BB,CC,AA
1,2002,5197,1471,1471,37.33,-47.39,BB,BB,BB,CC,AA
1,2002,5197,1472,1472,40.43,-48.9,BB,BB,BB,CC,AA
1,2002,5197,1473,1473,40.02,-48.29,BB,BB,BB,CC,AA
1,2002,5197,1474,1474,39.89,-48.35,BB,BB,BB,CC,AA
1,2002,5197,1475,1475,38.36,-44.64,BB,BB,BB,CC,AA
1,2002,5197,1476,1476,37.4,-44.58,BB,BB,BB,CC,AA
1,2002,5197,1477,1477,37.6,-44.47,BB,BB,BB,CC,AA
1,2002,5197,1478,1478,36.17,-46.82,BB,BB,BB,CC,AA
1,2002,5197,1479,1479,35.31,-46.69,BB,BB,BB,CC,AA
1,2002,5197,1480,1480,35.35,-46.32,BB,BB,BB,CC,AA
1,2002,5197,1481,1481,35.11,-47.02,BB,BB,BB,CC,AA
1,2002,5197,1482,1482,32.52,-46.26,BB,BB,BB,CC,AA
1,2002,5197,1483,1483,29.58,-43.93,BC,BB,BB,CC,AA
1,2002,5197,1484,1484,30.01,-44.19,BB,BB,BB,CC,AA
1,2002,5198,1485,1485,34.55,-25.71,CC,BB,BB,CC,AA
1,2002,5214,1486,1486,-16.39,-14.2,CC,BB,BB,CC,AA
1,2002,5212,1487,1487,-5.37,-9.15,BB,BB,BB,CC,AA
1,2002,5212,1488,1488,-6,-5.25,BB,BB,BB,NA,AA
1,2002,5212,1489,1489,-2.32,-7.88,BB,BB,BB,CC,AA
1,2002,5212,1490,1490,-2.8,-7.45,BB,BB,BB,NA,AA
1,2002,5212,1491,1491,-2.81,-7.47,BB,BB,BB,NA,AA
1,2002,5212,1492,1492,-2.38,-7.68,BB,BB,BB,BB,AA
1,2002,5209,1493,1493,17.44,4.19,BB,BB,BB,CC,AA
1,2002,5209,1494,1494,16.85,5.02,BB,BB,BB,CC,AA
1,2002,5209,1495,1495,16.87,4.93,BB,BB,BB,CC,AA
1,2003,5197,1501,1501,34,-44.97,BB,BB,BB,CC,AA
1,2003,5197,1502,1502,34.1,-45.03,NA,NA,NA,NA,NA
1,2003,5197,1503,1503,34.5,-44.84,BB,BB,BB,CC,AA
1,2003,5197,1504,1504,33.61,-44.81,CC,BB,BB,CC,AA
1,2003,5197,1505,1505,33.63,-44.63,CC,BB,BB,CC,AA
1,2003,5197,1506,1506,33.66,-44.63,BB,BB,BB,CC,AA
1,2003,5197,1507,1507,33.72,-44.61,BB,BB,BB,CC,AA
1,2003,5197,1508,1508,33.77,-44.58,BB,BB,BB,CC,AA
1,2003,5197,1509,1509,33.71,-44.42,BB,BB,BB,CC,AA
1,2003,5197,1510,1510,33.88,-44.43,BB,BB,BB,CC,AA
1,2003,5197,1511,1511,34.02,-44.67,BB,BB,BB,CC,AA
1,2003,5197,1512,1512,33.92,-44.37,BB,BB,BB,CC,AA
1,2003,5197,1513,1513,34.22,-44.39,BB,BB,BB,CC,AA
1,2003,5197,1514,1514,32.84,-44.94,BB,BB,BB,CC,AA
1,2003,5197,1515,1515,32.89,-45.02,BC,BB,BB,CC,AA
1,2003,5197,1516,1516,32.91,-45,NA,NA,NA,NA,NA
1,2003,5197,1517,1517,33,-44.44,BB,BB,BB,CC,AA
1,2003,5197,1518,1518,33.1,-44.36,BC,BB,BB,CC,AA
1,2003,5197,1519,1519,33.18,-44.31,CC,BB,BB,CC,AA
1,2003,5197,1520,1520,33.05,-44.23,BB,BB,BB,CC,AA
1,2003,5197,1521,1521,33.02,-44.18,BB,BB,BB,CC,AA
1,2003,5197,1522,1522,32.97,-44.19,BC,BB,BB,CC,AA
1,2003,5197,1523,1523,33.36,-44.17,BB,BB,BB,CC,AA
1,2003,5197,1524,1524,33.38,-44,BB,BB,BB,CC,AA
1,2003,5197,1525,1525,33.84,-43.77,BB,BB,BB,CC,AA
1,2003,5197,1526,1526,33.23,-43.5,BB,BB,BB,CC,AA
1,2003,5197,1527,1527,32.99,-43.4,BB,BB,BB,CC,AA
1,2003,5197,1528,1528,33.04,-43.83,BB,BB,BB,CC,AA
1,2003,5197,1529,1529,32.91,-43.23,BB,BB,BB,CC,AA
1,2003,5197,1530,1530,32.46,-43.06,BB,BB,BB,CC,AA
1,2003,5197,1531,1531,32.16,-43.05,BB,BB,BB,CC,AA
1,2003,5197,1532,1532,32.32,-42.75,BC,BB,BB,CC,AA
1,2003,5197,1533,1533,32.38,-42.73,BB,BB,BB,CC,AA
1,2003,5197,1534,1534,32.38,-42.74,BB,BB,BB,CC,AA
1,2003,5197,1535,1535,32.35,-43.48,BB,BB,BB,CC,AA
1,2003,5197,1536,1536,32.21,-43.82,BB,BB,BB,CC,AA
1,2003,5197,1537,1537,32.35,-43.97,BB,BB,BB,CC,AA
1,2003,5197,1538,1538,32.57,-43.72,NA,NA,NA,NA,NA
1,2003,5197,1539,1539,32.16,-43.74,NA,NA,NA,NA,NA
1,2003,5197,1540,1540,31.08,-42.81,BB,BB,BB,CC,AA
1,2003,5197,1541,1541,30.39,-42.96,BB,BB,BB,CC,AA
1,2003,5197,1542,1542,31.72,-42.32,BB,BB,BB,CC,AA
1,2003,5197,1543,1543,31.73,-43.82,BB,BB,BB,CC,AA
1,2003,5197,1544,1544,31.64,-43.69,BB,BB,BB,CC,AA
1,2003,5197,1545,1545,31.52,-43.73,BB,BB,BB,CC,AA
1,2003,5197,1546,1546,31.84,-43.88,BB,BB,BB,CC,AA
1,2003,5197,1547,1547,31.93,-43.91,BB,BB,BB,CC,AA
1,2003,5197,1548,1548,31.9,-44.03,BB,BB,AA,CC,AA
1,2003,5197,1549,1549,31.69,-43.86,BB,BB,AA,CC,AA
1,2003,5197,1550,1550,32.13,-44.13,BB,BB,BB,CC,AA
1,2003,5197,1551,1551,31.95,-44.39,BB,BB,BB,CC,AA
1,2003,5197,1552,1552,32.47,-44.02,BB,BB,BB,CC,AA
1,2003,5197,1553,1553,32.37,-44.51,CC,BB,BB,CC,AA
1,2003,5197,1554,1554,32.86,-43.77,BB,BB,BB,CC,AA
1,2003,5197,1555,1555,29.65,-43.24,BB,BB,BB,CC,AA
1,2003,5197,1556,1556,29.64,-43.3,BB,BB,BB,CC,AA
1,2003,5197,1557,1557,30.6,-43.97,BC,BB,BB,CC,AA
1,2003,5197,1558,1558,32.49,-45.15,BC,BB,BB,CC,AA
1,2003,5197,1559,1559,32.14,-45.86,BB,BB,BB,CC,AA
1,2003,5197,1560,1560,31.95,-45.37,BB,BB,BB,CC,AA
1,2003,5197,1561,1561,32.97,-45.5,BB,BB,BB,CC,AA
1,2003,5197,1562,1562,33.08,-45.66,BB,BB,BB,CC,AA
1,2003,5197,1563,1563,33.25,-45.79,BB,BB,BB,CC,AA
1,2003,5197,1564,1564,32.96,-45.71,BB,BB,BB,CC,AA
1,2003,5197,1565,1565,33.1,-46.01,BB,BB,BB,CC,AA
1,2003,5197,1566,1566,33,-45.71,BB,BB,BB,CC,AA
1,2003,5197,1567,1567,33.24,-45.75,BB,BB,BB,CC,AA
1,2003,5197,1568,1568,33.82,-46.3,BB,BB,BB,CC,AA
1,2003,5197,1569,1569,33.06,-46.35,BB,BB,BB,CC,AA
1,2003,5197,1570,1570,33.09,-46.31,BB,BB,BB,CC,AA
1,2003,5197,1571,1571,32.99,-46.33,BB,BB,BB,CC,AA
1,2003,5197,1572,1572,32.69,-46.09,BB,BB,BB,CC,AA
1,2003,5197,1573,1573,32.66,-46.03,BB,BB,BB,CC,AA
1,2003,5197,1574,1574,32.63,-46.12,BB,BB,BB,CC,AA
1,2003,5197,1575,1575,32.95,-46.12,BB,BB,BB,CC,AA
1,2003,5197,1576,1576,32.45,-45.93,BB,BB,BB,CC,AA
1,2003,5197,1577,1577,31.72,-45.98,BB,BB,BB,CC,AA
1,2003,5197,1578,1578,34.58,-47.26,BB,BB,BB,CC,AA
1,2003,5197,1579,1579,34.98,-47.19,BB,BB,BB,CC,AA
1,2003,5197,1580,1580,35.41,-46.5,BB,BB,BB,CC,AA
1,2003,5197,1581,1581,36.1,-45.93,BB,BB,BB,CC,AA
1,2003,5197,1582,1582,37.74,-45.68,BB,BB,BB,CC,AA
1,2003,5197,1583,1583,36.95,-46.72,BB,BB,BB,CC,AA
1,2003,5197,1584,1584,37.17,-46.59,BB,BB,BB,CC,AA
1,2003,5197,1585,1585,36.88,-46.67,BB,BB,BB,CC,AA
1,2003,5197,1586,1586,36.81,-46.75,BB,BB,BB,CC,AA
1,2003,5197,1587,1587,37.11,-46.95,BB,BB,BB,CC,AA
1,2003,5197,1588,1588,37.06,-46.94,BB,BB,BB,CC,AA
1,2003,5197,1589,1589,37.06,-47.02,BB,BB,BB,CC,AA
1,2003,5197,1590,1590,36.56,-47.42,BB,BB,BB,CC,AA
1,2003,5197,1591,1591,36.35,-47.6,BB,BB,BB,CC,AA
1,2003,5197,1592,1592,37.11,-46.88,BB,BB,BB,CC,AA
1,2003,5197,1593,1593,36.42,-48.44,BB,BB,BB,CC,AA
1,2003,5197,1594,1594,35.04,-48.21,BB,BB,BB,CC,AA
1,2003,5197,1595,1595,34.71,-48.35,BB,BB,BB,CC,AA
1,2003,5197,1596,1596,36.61,-43.65,BB,BB,BB,CC,AA
1,2003,5197,1597,1597,34.42,-47.83,BB,BB,BB,CC,AA
1,2003,5197,1598,1598,34.44,-47.85,BB,BB,BB,CC,AA
1,2003,5197,1599,1599,34.56,-47.77,BB,BB,BB,CC,AA
1,2003,5197,1600,1600,34.45,-48.72,NA,NA,NA,NA,NA
1,2003,5188,1601,1601,88.47,-124.02,BB,BB,AA,CC,AA
1,2003,5188,1602,1602,88.41,-124.13,BB,BB,BB,CC,AA
1,2003,5188,1603,1603,89.23,-123.56,BC,BB,AA,CC,AA
1,2003,5247,1604,1604,97.04,-121.89,CC,BB,AA,CC,AA
1,2003,5247,1605,1605,98.09,-122.18,BB,BB,AA,CC,AA
1,2003,5247,1606,1606,98.34,-122.17,BC,BB,BB,CC,AA
1,2003,5247,1607,1607,98.41,-122.42,BB,BB,AA,CC,AA
1,2003,5247,1608,1608,98.39,-122.31,BB,BB,AA,CC,AA
1,2003,5247,1609,1609,98.46,-121.7,BB,BB,BB,CC,AA
1,2003,5247,1610,1610,98.23,-121.42,BC,BB,AA,CC,AA
1,2003,5247,1611,1611,98.32,-121.42,CC,BB,AA,CC,AA
1,2003,5247,1612,1612,98.3,-121.3,BC,BB,AA,CC,AA
1,2003,5247,1613,1613,98.39,-121.34,CC,BB,AA,CC,AA
1,2003,5247,1614,1614,98.55,-121.27,BC,BB,AA,CC,AA
1,2003,5247,1615,1615,98.45,-121.35,CC,BB,AB,CC,AA
1,2003,5247,1616,1616,98.53,-121.18,BC,BB,AA,CC,AA
1,2003,5247,1617,1617,98.54,-121.25,BB,BB,AA,CC,AA
1,2003,5247,1618,1618,98.55,-121.29,NA,NA,NA,NA,NA
1,2003,5247,1619,1619,98.67,-121.32,CC,BB,AA,CC,AA
1,2003,5247,1620,1620,99.27,-121.2,CC,BB,AA,CC,AA
1,2003,5247,1621,1621,100.27,-121.53,BC,BB,AA,CC,AA
1,2003,5247,1622,1622,99.78,-122,BB,BB,AA,CC,AA
1,2003,5247,1623,1623,100.25,-122.5,BB,BB,AA,CC,AA
1,2003,5247,1624,1624,102.3,-121.59,CC,BB,AA,CC,AA
1,2003,5247,1625,1625,103.01,-122.82,BB,BB,AA,CC,AA
1,2003,5247,1626,1626,102.21,-123.25,CC,BB,AA,CC,AA
1,2003,5247,1627,1627,101.38,-124.86,CC,BB,AA,CC,AA
1,2003,5247,1628,1628,100.02,-122.02,BB,BB,AA,CC,AA
1,2003,5247,1629,1629,101.42,-123.68,CC,BB,AA,CC,AA
1,2003,5247,1630,1630,101.17,-122.98,CC,BB,BB,CC,AA
1,2003,5247,1631,1631,101.09,-122.9,CC,BB,AA,CC,AA
1,2003,5247,1632,1632,100.76,-124.84,CC,BB,AA,CC,AA
1,2003,5247,1633,1633,100.78,-124.8,CC,BB,AA,CC,AA
1,2003,5247,1634,1634,100.54,-125,BC,BB,AA,CC,AA
1,2003,5247,1635,1635,100.66,-124.98,CC,BB,CC,CC,AA
1,2003,5248,1636,1636,101.76,-126.33,BB,BB,AA,CC,AA
1,2003,5248,1637,1637,103.3,-125.91,BB,BB,CC,CC,AA
1,2003,5168,1638,1638,108.57,-118.46,CC,BB,AB,CC,AA
1,2003,5168,1639,1639,108.68,-117.86,CC,BB,AA,CC,AA
1,2003,5168,1640,1640,108.46,-117.85,CC,BB,BB,CC,AA
1,2003,5161,1641,1641,106.1,-134.45,CC,BB,AA,CC,AA
1,2003,5161,1642,1642,105.89,-134.41,CC,BB,AA,CC,AA
1,2003,5161,1643,1643,103.83,-136.32,CC,BB,AA,CC,AA
1,2003,5166,1644,1644,136.56,-142.03,CC,BB,BB,CC,AA
1,2003,5166,1645,1645,137.25,-141.11,CC,BB,BB,CC,AA
1,2003,5166,1646,1646,136.74,-141.87,BB,BB,BB,CC,AA
1,2003,5156,1647,1647,76.58,-157.69,BB,BB,BB,CC,AA
1,2003,5156,1648,1648,76.6,-157.17,CC,BB,BB,CC,AA
1,2003,5156,1649,1649,76.25,-157.28,CC,BB,BB,CC,AA
1,2003,5156,1650,1650,76.32,-156.93,CC,BB,NA,CC,AA
1,2003,5156,1651,1651,75.95,-157.2,BC,BB,BB,CC,AA
1,2003,5156,1652,1652,75.9,-157.17,CC,BB,BB,CC,AA
1,2003,5156,1653,1653,78.24,-156.78,BC,BB,BB,CC,AA
1,2003,5156,1654,1654,78.33,-156.82,CC,BB,BB,CC,AA
1,2003,5156,1655,1655,78.27,-156.77,BC,BB,BB,CC,AA
1,2003,5156,1656,1656,77.63,-156.58,NA,NA,NA,NA,NA
1,2003,5156,1657,1657,77.17,-156.09,CC,BB,BB,CC,A
1,2003,5156,1658,1658,76.31,-156.23,BB,BB,BB,CC,A
1,2003,5156,1659,1659,76.68,-155.36,BC,BB,BB,CC,A
1,2003,5156,1660,1660,76.61,-155.3,NA,NA,NA,NA,NA
1,2003,5156,1661,1661,76.49,-155.33,BC,BB,AB,CC,AA
1,2003,5156,1662,1662,76.44,-155.34,CC,BB,BB,CC,AA
1,2003,5156,1663,1663,76.25,-155.32,BC,BB,BB,CC,AA
1,2003,5156,1664,1664,75.55,-155.27,CC,BB,BB,CC,AA
1,2003,5156,1665,1665,74.9,-154.39,CC,BB,BB,CC,AA
1,2003,5156,1666,1666,73.84,-154.6,CC,BB,BB,CC,AA
1,2003,5156,1667,1667,74.22,-154.16,CC,BB,BB,CC,AA
1,2003,5156,1668,1668,73.56,-153.75,CC,BB,BB,CC,AA
1,2003,5156,1669,1669,73,-153.58,CC,BB,BB,CC,AA
1,2003,5260,1670,1670,121,-189.33,CC,BB,BB,CC,AA
1,2003,5147,1671,1671,108.12,-167.67,BB,BB,BB,CC,AA
1,2003,5147,1672,1672,106.59,-168.17,BB,BB,BB,CC,AA
1,2003,5152,1673,1673,94.83,-166.43,BB,BB,BB,CC,AA
1,2003,5152,1674,1674,94.55,-166.45,BB,BB,BB,CC,AA
1,2003,5152,1675,1675,94.01,-166.55,BB,BB,CC,CC,AA
1,2003,5152,1676,1676,93.61,-166.24,BB,BB,BB,CC,AA
1,2003,5152,1677,1677,85.89,-163.84,NA,NA,NA,NA,NA
1,2003,5134,1678,1678,95.09,-184.15,BB,BB,BB,CC,AA
1,2003,5134,1679,1679,94.31,-186.03,BB,BB,BB,CC,AA
1,2003,5156,1680,1680,73.67,-154.47,CC,BB,BB,CC,AA
1,2003,5161,1681,1681,103.52,-139.48,CC,BB,BB,CC,AA
1,2003,5161,1682,1682,103.55,-138.8,BB,BB,BB,CC,AA
1,2003,5161,1683,1683,103.46,-138.7,BB,BB,BB,CC,AA
1,2003,5161,1684,1684,103.73,-139.12,BB,BB,BB,CC,AA
1,2003,5161,1685,1685,104.22,-139.54,NA,NA,NA,NA,NA
1,2003,5161,1686,1686,104.91,-139.28,BB,BB,BB,CC,AA
1,2003,5161,1687,1687,103.13,-138.21,BB,BB,AB,CC,AA
1,2003,5161,1688,1688,103.53,-137.45,NA,NA,NA,NA,NA
1,2003,5161,1689,1689,103.47,-137.77,BB,BB,BB,CC,AA
1,2003,5169,1690,1690,106.66,-112.25,BB,BB,BB,CC,AA
1,2003,5202,1691,1691,39.13,28.9,BB,BB,BB,BB,AA
1,2003,5202,1692,1692,39.95,29.63,BB,BB,BB,BB,AA
1,2003,5203,1693,1693,28.15,39.25,BB,BB,BB,BB,AA
1,2003,5203,1694,1694,27.9,39.65,BB,BB,BB,CC,AA
1,2003,5203,1695,1695,28.63,39.83,BB,BB,BB,BB,AA
1,2003,5203,1696,1696,24.37,36.67,BB,BB,BB,NA,AA
1,2003,5203,1698,1698,38.03,39.6,BB,BB,BB,CC,AA
1,2003,5203,1699,1699,38.3,39.69,BB,BB,BB,CC,AA
1,2003,5203,1700,1700,38.34,39.74,BB,BB,BB,CC,AA
1,2003,5203,1801,1801,38.77,39.5,BB,BB,BB,CC,AA
1,2003,5203,1802,1802,38.96,39.01,BB,BB,BB,CC,AA
1,2003,5203,1803,1803,38.91,38.96,BB,BB,BB,CC,AA
1,2003,5203,1804,1804,39.48,38.4,BB,BB,BB,CC,AA
1,2003,5203,1805,1805,39.78,38.56,BB,BB,BB,CC,AA
1,2003,5203,1806,1806,40.07,38.52,BB,BB,BB,BB,AA
1,2003,5203,1807,1807,36.08,40.27,BB,BB,BB,CC,AA
1,2003,5203,1808,1808,36.03,40.42,BB,BB,BB,CC,AA
1,2003,5203,1809,1809,35.91,40.26,BB,BB,BB,CC,AA
1,2003,5203,1810,1810,34.89,41.12,BB,BB,BB,CC,AA
1,2003,5209,1811,1811,18.21,5.02,BB,BB,BB,CC,AA
1,2003,5209,1812,1812,17.28,5.13,BB,BB,BB,CC,AA
1,2003,5209,1813,1813,17.43,5.13,BB,BB,BB,CC,AA
1,2003,5209,1814,1814,17.1,5.36,NA,NA,NA,NA,NA
1,2003,5209,1815,1815,16.97,5.86,BB,BB,BB,CC,AA
1,2003,5234,1816,1816,21.17,0.59,BB,BB,BB,CC,AA
1,2003,5234,1817,1817,21.36,1.17,CC,BB,BB,CC,AA
1,2003,5234,1818,1818,21.93,1.48,BB,BB,BB,CC,AA
1,2003,5234,1819,1819,22.05,1.45,CC,BB,BB,CC,AA
1,2003,5199,1820,1820,31.35,-10.12,CC,BB,BB,CC,AA
1,2003,5199,1821,1821,30.2,-9.28,CC,BB,BB,CC,AA
1,2003,5199,1822,1822,30.32,-6.58,CC,BB,BB,CC,AA
1,2003,5236,1823,1823,27.6,-11.5,BB,BB,BB,NA,AA
1,2003,5236,1824,1824,29.83,-16.78,BB,BB,BB,CC,AA
1,2003,5217,1825,1825,13.89,-22.01,CC,BB,BB,NA,AA
1,2003,5212,1826,1826,-6.16,-5.42,BB,BB,BB,CC,AA
1,2003,5212,1827,1827,-6.3,-5.31,BB,BB,BB,CC,AA
1,2003,5212,1828,1828,-6.45,-5.33,BB,BB,BB,NA,AA
1,2003,5212,1829,1829,-3.81,-6.51,BB,BB,BB,NA,AA
1,2003,5212,1830,1830,-3.69,-6.52,BC,BB,BB,CC,AA
1,2003,5212,1831,1831,-5.77,-6.12,BB,BB,BB,CC,AA
1,2003,5212,1832,1832,-6.46,-6.09,BB,BB,BB,CC,AA
1,2003,5197,1833,1833,33.58,-44.85,BB,BB,BB,CC,AA
1,2003,5197,1834,1834,33.53,-45.07,BB,BB,BB,CC,AA
1,2003,5197,1835,1835,33.44,-45.2,BB,BB,BB,CC,AA
1,2003,5197,1836,1836,32.16,-45.07,BB,BB,BB,CC,AA
1,2003,5197,1837,1837,32.18,-44.93,BB,BB,BB,CC,AA
1,2003,5197,1838,1838,32.16,-45.01,BB,BB,BB,CC,AA
1,2003,5197,1839,1839,30.87,-43.35,BB,BB,BB,CC,AA
1,2003,5197,1840,1840,31.94,-43.55,BB,BB,BB,CC,AA
1,2003,5197,1841,1841,32.12,-43.47,BB,BB,BB,CC,AA
1,2003,5197,1842,1842,32.24,-43.43,BB,BB,BB,CC,AA
1,2003,5197,1843,1843,38.2,-49.57,BB,BB,BB,CC,AA
1,2003,5197,1844,1844,37.9,-49.75,BB,BB,BB,CC,AA
1,2003,5197,1845,1845,38.87,-51.69,BB,BB,BB,CC,AA
1,2003,5197,1846,1846,39.04,-52.69,BB,BB,BB,CC,AA
1,2003,5197,1847,NA,NA,NA,BB,BB,BB,CC,AA
1,2003,5197,1848,1848,35.38,-49.26,BB,BB,BB,CC,AA
1,2003,5189,1849,1849,80.8,-97.82,BB,BB,AB,CC,AA
1,2003,5189,1850,1850,80.94,-98.13,BB,BB,AA,CC,AA
1,2003,5189,1851,1851,79.52,-98.13,BB,BB,AA,CC,AA
1,2003,5189,1852,1852,79.4,-98.17,BB,BB,AA,CC,AA
1,2003,5176,1853,1853,106.06,-98.27,BB,BB,BB,NA,AA
1,2003,5176,1854,1854,106.06,-98.31,BB,BB,CC,CC,AA
1,2003,5176,1855,1855,106.25,-98.41,BB,BB,BB,NA,AA
1,2003,5176,1856,1856,100.19,-97.18,BB,BB,BB,CC,AA
1,2003,5169,1857,1857,106.67,-112.24,BB,BB,BB,CC,AA
1,2003,5169,1858,NA,NA,NA,BB,BB,AB,CC,AA
1,2003,5169,1859,NA,NA,NA,BB,BB,BB,CC,AA
1,2003,5247,1860,1860,99.32,-123.35,CC,BB,AA,CC,AA
1,2003,5247,1861,1861,99.1,-123.02,BB,BB,AA,CC,AA
1,2003,5247,1862,1862,98.92,-123.18,BB,BB,AA,CC,AA
1,2003,5247,1863,1863,98.52,-121.3,NA,NA,NA,NA,NA
1,2003,5247,1864,1864,98.47,-121.19,BB,BB,CC,CC,AA
1,2003,5247,1865,1865,100.6,-125.05,BB,BB,CC,CC,AA
1,2003,5248,1866,1866,101.63,-126.41,BB,BB,BB,CC,AA
1,2003,5188,1867,1867,88.37,-124.17,BB,BB,AA,CC,AA
1,2003,5188,1868,1868,88.6,-124.09,BB,BB,BB,NA,AA
1,2003,5183,1869,1869,75.7,-116.99,BB,BB,BB,CC,AA
1,2003,5183,1870,1870,75.74,-117.08,BB,BB,BB,CC,AA
1,2003,5183,1871,1871,76.08,-117.29,BB,BB,BB,CC,AA
1,2003,5183,1872,1872,75.72,-117.53,BB,BB,BB,CC,AA
1,2003,5183,1873,1873,75.67,-117.49,BB,BB,BB,CC,AA
1,2003,5152,1874,1874,76.15,-117.38,BB,BB,CC,CC,AA
1,2003,5156,1875,1875,72.04,-153.19,NA,NA,NA,NA,NA
1,2003,5209,1901,1901,16.49,6.25,BC,BB,BB,DD,AA
1,2003,5209,1902,1902,16.43,6.15,CC,BB,BB,BB,AA
1,2003,5209,1903,1903,16.32,6.34,BC,BB,BB,NA,AA
1,2003,5209,1904,1904,16.36,6.36,BB,BB,BB,NA,AA
1,2003,5209,1905,1905,16.44,6.41,BB,BB,CC,CC,AA
1,2003,5209,1906,1906,16.59,5.91,BB,BB,BB,DD,AA
1,2003,5209,1907,1907,17.11,5.7,BB,BB,NA,CC,AA
1,2003,5209,1908,1908,16.45,5.21,BB,BB,BB,BC,AA
1,2003,5209,1909,1909,16.51,4.9,BB,BB,BB,BB,AA
1,2003,5209,1910,1910,15.72,4.42,BB,BB,BB,BB,AA
1,2003,5209,1911,1911,15.85,4.8,BB,BB,BB,DD,AA
1,2003,5209,1912,1912,15.26,5.08,BB,BB,BB,BB,AA
1,2003,5209,1913,1913,15.35,5.34,BB,BB,BB,BC,AA
1,2003,5209,1914,1914,15.43,5.56,BB,BB,BB,CC,AA
1,2003,5209,1915,1915,15.54,5.76,BB,BB,BB,DD,AA
1,2003,5209,1916,1916,15.52,5.69,BB,BB,BB,DD,AA
1,2003,5209,1917,1917,15.57,5.62,BB,BB,BB,DD,AA
1,2003,5209,1918,1918,14.86,5.63,BB,BB,BB,CC,AA
1,2003,5209,1919,1919,15.25,6.01,BB,BB,BB,DD,AA
1,2003,5209,1920,1920,15.25,6.03,BC,BB,BB,DD,AA
1,2003,5209,1921,1921,15.34,6,BB,BB,BB,DD,AA
1,2003,5209,1922,1922,15.33,6.08,BB,BB,BB,DD,AA
1,2003,5209,1923,1923,15.43,6.28,BB,BB,BB,CC,AA
1,2003,5209,1924,1924,15.23,6.21,BB,BB,BB,CC,AA
1,2003,5209,1925,1925,15.25,6.18,BB,BB,BB,NA,AA
1,2003,5209,1926,1926,15.15,5.67,BB,BB,BB,CC,AA
1,2003,5209,1927,1927,14.93,6.49,NA,NA,NA,NA,NA
1,2003,5209,1928,1928,14.77,5.46,NA,NA,NA,NA,NA
1,2003,5209,1929,1929,14.66,5.36,BB,BB,BB,BB,AA
1,2003,5209,1930,1930,14.12,5.53,BB,BB,BB,CC,AA
1,2003,5209,1931,1931,14.07,7.18,BB,BB,BB,CC,AA
1,2003,5209,1932,1932,15.22,5.18,BB,BB,BB,BB,AA
1,2003,5209,1933,1933,15.69,4.06,BC,BB,BB,BD,AA
1,2003,5209,1934,1934,15.59,6.26,BB,BB,BB,DD,AA
1,2003,5231,1935,1935,52.36,19.2,BB,BB,BB,CC,AA
1,2003,5231,1936,1936,53.67,16.43,BB,BB,BB,BB,AA
1,2003,5199,1937,1937,28.23,-7.73,BC,BB,BB,DD,AA
1,2003,5236,1938,1938,27.73,-11.73,CC,BB,BB,CC,AA
1,2003,5236,1939,1939,28.74,-11.62,CC,BB,BB,CC,AA
1,2003,5236,1940,1940,28.76,-11.93,BC,BB,BB,BC,AA
1,2003,5236,1941,1941,29.21,-11.76,BC,BB,BB,CC,AA
1,2003,5236,1942,1942,27.44,-12.46,BB,BB,NA,CC,AA
1,2003,5199,1943,1943,33.21,-8.72,BB,BB,NA,CC,AA
1,2003,5199,1944,1944,32.22,-8.76,BC,BB,BB,CC,AA
1,2003,5199,1945,1945,32.66,-9.9,BC,BB,BB,CC,AA
1,2003,5199,1946,1946,32.66,-10,CC,BB,BB,CC,AA
1,2003,5199,1947,1947,33.74,-11.79,CC,BB,BB,CC,AA
1,2003,5199,1948,1948,34.06,-12.67,BC,BB,BB,BD,AA
1,2003,5198,1949,1949,35.99,-30.48,BB,BB,BB,CC,AA
1,2003,5198,1950,1950,37.22,-30.5,CC,BB,BB,BC,AA
1,2003,5198,1951,1951,36.06,-29.31,NA,NA,NA,NA,NA
1,2003,5198,1952,1952,36.2,-29.27,NA,NA,NA,NA,NA
1,2003,5198,1953,1953,36.62,-29.25,NA,NA,NA,NA,NA
1,2003,5198,1954,1954,35.45,-29.11,NA,NA,NA,NA,NA
1,2003,5198,1955,1955,36.61,-29.97,BB,BB,BB,CC,AA
1,2003,5198,1956,1956,35.48,-28.79,CC,BB,BB,CC,AA
1,2003,5198,1957,1957,35.55,-28.45,BB,BB,BB,CC,AA
1,2003,5198,1958,1958,35.99,-28.38,BC,BB,BB,CC,AA
1,2003,5198,1959,1959,33.62,-22.67,BC,BB,BB,CC,AA
1,2003,5198,1960,1960,34.78,-23.69,CC,BB,BB,CC,AA
1,2003,5198,1961,1961,34.82,-24.49,BB,BB,BB,BC,AA
1,2003,5198,1962,1962,34.8,-24.79,BC,BB,BB,BC,AA
1,2003,5198,1963,1963,34.58,-25.04,CC,BB,BB,CC,AA
1,2003,5198,1964,1964,34.47,-24.8,BB,BB,BB,CC,AA
1,2003,5198,1965,1965,34.25,-25,BC,BB,BB,BC,AA
1,2003,5198,1966,1966,34.45,-25.62,BB,BB,BB,BB,AA
1,2003,5198,1967,1967,32.75,-26.65,NA,NA,NA,NA,NA
1,2003,5198,1968,1968,32.85,-26.64,BC,BB,BB,BC,AA
1,2003,5198,1969,1969,32.93,-26.68,BC,BB,BB,BC,AA
1,2003,5198,1970,1970,33.04,-26.73,BB,BB,BB,CC,AA
1,2003,5198,1971,1971,33.14,-26.87,BB,BB,BB,CC,AA
1,2003,5198,1972,1972,33.16,-26.9,BB,BB,BB,CC,AA
1,2003,5198,1973,1973,33.53,-26.91,BB,BB,BB,CC,AA
1,2003,5198,1974,1974,33.45,-27.02,BB,BB,BB,CC,AA
1,2003,5198,1975,1975,33.86,-27.4,BB,BB,BB,CC,AA
1,2003,5198,1976,1976,33.87,-27.84,CC,BB,BB,BC,AA
1,2003,5219,1977,1977,22.52,-28.55,NA,BB,BB,NA,AA
1,2003,5219,1978,1978,22.39,-28.35,NA,BB,BB,NA,AA
1,2003,5219,1979,1979,22.75,-28.43,NA,BB,BB,NA,AA
1,2003,5219,1980,1980,22.75,-28.22,NA,BB,BB,NA,AA
1,2003,5219,1981,1981,22.02,-28.76,BB,BB,BB,NA,AA
1,2003,5219,1982,1982,21.85,-28.4,NA,BB,BB,NA,AA
1,2003,5219,1983,1983,21.31,-28.72,NA,BB,BB,NA,AA
1,2003,5217,1984,1984,13.89,-22.82,NA,BB,BB,NA,AA
1,2003,5217,1985,1985,13.82,-22.9,NA,BB,BB,NA,AA
1,2003,5212,1986,1986,-3.07,-6.96,NA,NA,NA,NA,NA
1,2003,5212,1987,1987,-3.1,-7.94,BB,BB,BB,NA,AA
1,2003,5212,1988,1988,-3.06,-8.46,BB,BB,BB,NA,AA
1,2003,5212,1989,1989,-3.31,-7.65,BB,BB,BB,NA,AA
1,2003,5212,1990,1990,-5.05,-5.82,BB,BB,BB,NA,AA
1,2003,5212,1991,1991,-4.86,-7.55,BB,BB,BB,NA,AA
1,2003,5212,1992,1992,-6,-6.41,BB,BB,BB,NA,AA
1,2003,5212,1993,1993,-6.24,-7.01,BB,BB,BB,NA,AA
1,2003,5212,1994,1994,-5.94,-6.1,BB,BB,BB,NA,AA
1,2003,5212,1995,1995,-5.84,-6.06,BB,BB,BB,NA,AA
1,2003,5212,1996,1996,-6.19,-6.06,BC,BB,BB,BB,AA
1,2003,5212,1997,1997,-6.68,-6.2,BB,BB,BB,NA,AA
1,2003,5212,1998,1998,-5.73,-5.6,BB,BB,BB,BB,AA
1,2003,5212,1999,1999,-5.94,-7.25,BB,BB,BB,NA,AA
1,2003,5212,2000,2000,-5.97,-5.21,BB,BB,BB,CC,AA
1,2003,5203,2001,2001,37.73,39.32,BB,BB,BB,BB,AA
1,2003,5203,2002,2002,37.72,39.38,BB,BB,BB,BB,AA
1,2003,5203,2003,2003,37.73,39.39,BB,BB,BB,BB,AA
1,2003,5203,2004,2004,37.92,39.83,BB,BB,AB,AA,AA
1,2003,5203,2005,2005,38.49,39.26,BB,BB,BB,BB,AA
1,2003,5203,2006,2006,28.16,36.77,BB,BB,BB,BB,AA
1,2003,5203,2007,2007,28.47,37.47,BB,BB,BB,NA,AA
1,2003,5203,2008,2008,40.12,38.83,BB,BB,BB,BB,AA
1,2003,5203,2009,2009,39.46,38.65,NA,NA,NA,NA,NA
1,2003,5209,2010,2010,16.81,5.35,BB,BB,BB,NA,AA
1,2003,5209,2011,2011,16.62,6.01,NA,BB,NA,NA,AA
1,2003,5209,2012,2012,16.3,6.77,BB,BB,BB,CC,AA
1,2003,5209,2013,2013,15.66,6.42,BB,BB,BB,CC,AA
1,2003,5209,2014,2014,14.46,6.12,NA,BB,NA,NA,AA
1,2003,5209,2015,2015,16.64,6.65,BB,BB,BB,NA,AA
1,2003,5209,2016,2016,16.76,6.74,BC,BB,BB,NA,AA
1,2003,5209,2017,2017,16.69,6.49,BB,BB,BB,DD,AA
1,2003,5209,2018,2018,19.83,5.93,BB,BB,BB,BB,AA
1,2003,5209,2019,2019,19.77,6.13,BB,BB,BB,BB,AA
1,2003,5209,2020,2020,16.22,6.87,BB,BB,BB,NA,AA
1,2003,5209,2021,2021,15.38,5.19,BB,BB,BB,BB,AA
1,2003,5209,2022,2022,17.15,5.22,BB,BB,BB,DD,AA
1,2003,5209,2023,2023,17.52,4.92,BB,BB,BB,NA,AA
1,2003,5209,2024,2024,19.93,4.97,CC,BB,BB,NA,AA
1,2003,5209,2025,2025,19.64,3.03,BB,BB,BB,NA,AA
1,2003,5209,2026,2026,21.11,3.81,BB,BB,BB,BB,AA
1,2003,5209,2027,2027,21.52,3.54,BC,BB,BB,NA,AA
1,2003,5209,2028,2028,21.5,3.39,CC,BB,BB,DD,AA
1,2003,5209,2029,2029,20.41,2.76,CC,BB,BB,NA,AA
1,2003,5198,2030,2030,34.27,-24.81,BB,BB,BB,CC,AA
1,2003,5198,2031,2031,34.52,-24.56,BB,BB,BB,CC,AA
1,2003,5198,2032,2032,34.76,-24.67,BB,BB,BB,CC,AA
1,2003,5198,2033,2033,33.57,-27.15,NA,NA,NA,NA,NA
1,2003,5217,2034,2034,14.11,-22.5,CC,BB,BB,CC,AA
1,2003,5213,2035,2035,-11.31,-13.18,CC,BB,BB,NA,AA
1,2003,5214,2036,2036,-17.71,-12.34,BC,BB,BB,CC,AA
1,2003,5214,2037,2037,-17.29,-12.37,BC,BB,BB,BB,AA
1,2003,5214,2038,2038,-18.12,-12.25,CC,BB,BB,CC,AA
1,2003,5214,2039,2039,-18.1,-12.51,CC,BB,BB,CC,AA
1,2003,5212,2040,2040,-6.83,-10.79,BB,BB,BB,NA,AA
1,2003,5212,2041,2041,-4.95,-7.86,BB,BB,BB,BC,AA
1,2003,5212,2042,2042,-5.85,-6.16,NA,NA,NA,NA,NA
1,2003,5212,2043,2043,-5.84,-5.59,BB,BB,BB,CC,AA
1,2003,5212,2044,2044,-6.23,-5.16,BB,BB,BB,NA,AA
1,2003,5212,2045,2045,-7.34,-5.26,BB,BB,BB,CC,AA
1,2003,5212,2046,2046,-7.43,-5.27,BC,BB,BB,CC,AA
1,2003,5212,2047,2047,-7.45,-5.19,BB,BB,BB,CC,AA
1,2003,5212,2048,2048,-7.38,-5.17,BB,BB,BB,CC,AA
1,2003,5212,2049,2049,-8.44,-4.17,BB,BB,BB,BB,AA
1,2003,5212,2050,2050,-8.57,-4.29,BB,BB,BB,BB,AA
1,2003,5212,2051,2051,-5.65,-6.77,BB,BB,BB,BC,AA
1,2003,5212,2052,2052,-6.02,-7.1,BB,BB,BB,CC,AA
1,2003,5212,2053,2053,-3.78,-7.59,BB,BB,BB,BB,AA
1,2003,5212,2054,2054,-4.3,-6.4,BB,BB,BB,CC,AA
1,2003,5212,2055,2055,-3.17,-6.91,NA,NA,NA,NA,NA
1,2003,5212,2056,2056,-3.12,-6.89,BB,BB,BB,BB,AA
1,2003,5212,2057,2057,-2.71,-6.71,CC,BB,BB,NA,AA
1,2003,5212,2058,2058,-2.49,-6.86,BC,BB,BB,CC,AA
1,2003,5212,2059,2059,-4.42,-7.76,BB,BB,BB,BB,AA
1,2003,5212,2060,2060,-6.46,-6.29,BC,BB,BB,NA,AA
1,2003,5212,2061,2061,-7.3,-6.59,BC,BB,BB,CC,AA
1,2003,5212,2062,2062,-7.39,-7.44,BC,BB,BB,CC,AA
1,2003,5212,2063,2063,-6.86,-6.7,BB,BB,BB,CC,AA
1,2003,5212,2064,2064,-6.49,-11.46,NA,BB,NA,NA,AA
1,2003,5212,2065,2065,-6.49,-5.53,BB,BB,BB,CC,AA
1,2003,5212,2066,2066,-5.88,-5.41,BB,BB,BB,NA,AA
1,2003,5212,2066,2066,-5.88,-5.41,NA,BB,NA,NA,AA
1,2003,5212,2066,2066,-5.88,-5.41,NA,BB,NA,NA,AA
1,2003,5212,2067,2067,-4.68,-6.9,BB,BB,BB,CC,AA
1,2003,5212,2068,2068,-5.2,-5.83,BB,BB,BB,NA,AA
1,2003,5212,2069,2069,-5.28,-5.64,BB,BB,BB,NA,AA
1,2003,5216,2070,2070,-11.56,-27.46,BB,BB,BB,CC,AA
1,2003,5216,2071,2071,-11.54,-27.39,BC,BB,BB,CC,AA
1,2003,5216,2072,2072,-11,-27.25,BB,BB,BB,CC,AA
1,2003,5236,2073,2073,29.27,-11.05,CC,BB,BB,NA,AA
1,2003,5183,2074,2074,76.15,-117.39,BB,BB,BB,CC,AA
1,2003,5189,2075,2075,80.5,-96.22,BB,BB,AA,CC,AA
1,2003,5189,2076,2076,79.31,-105.84,BB,BB,BB,CC,AA
1,2003,5189,2077,2077,79.34,-106.03,BB,BB,BB,CC,AA
1,2003,5189,2078,2078,79.42,-105.85,BB,BB,AA,CC,AA
1,2003,5247,2079,2079,100.46,-125.13,BB,BB,AB,CC,AA
1,2003,5248,2080,2080,101.21,-125.82,BB,BB,AB,CC,AA
1,2003,5248,2081,2081,101.97,-126.29,BB,BB,AB,CC,AA
1,2003,5248,2082,2082,101.67,-126.22,CC,BB,AA,CC,AA
1,2003,5168,2083,2083,108.89,-116.78,CC,BB,AA,CC,AA
1,2003,5168,2084,2084,108.78,-116.97,NA,NA,NA,NA,NA
1,2003,5169,2085,2085,106.82,-112.56,BB,BB,BB,CC,AA
1,2003,5169,2086,2086,104.77,-109.07,CC,BB,BB,CC,AA
1,2003,5176,2087,2087,104.06,-98.63,BB,BB,BB,CC,AA
1,2003,5176,2088,2088,103.72,-98.69,BB,BB,BB,CC,AA
1,2003,5176,2089,2089,104.17,-98.92,NA,NA,NA,NA,NA
1,2003,5176,2090,2090,105,-99.33,NA,NA,NA,NA,NA
1,2003,5176,2091,2091,104.64,-99.76,BB,BB,BB,CC,AA
1,2003,5176,2092,2092,104.77,-99.73,BB,BB,BB,CC,AA
1,2003,5176,2093,2093,105.09,-99.81,BB,BB,BB,CC,AA
1,2003,5176,2094,2094,105.01,-100.59,BB,BB,BB,CC,AA
1,2003,5176,2095,2095,105.08,-100.59,NA,NA,NA,NA,NA
1,2003,5176,2096,2096,105.15,-100.46,BB,BB,BB,CC,AA
1,2003,5197,2097,2097,34.46,-47.61,BB,BB,BB,NA,AA
1,2003,5197,2098,2098,34.56,-47.5,BB,BB,BB,CC,AA
1,2003,5197,2099,2099,34.86,-47.98,BB,BB,BB,CC,AA
1,2003,5197,2100,2100,36.48,-46.13,BB,BB,BB,CC,AA
1,2003,5197,2101,2101,37.6,-46.35,BB,BB,BB,CC,AA
1,2003,5197,2102,2102,36.9,-44.07,BB,BB,BB,CC,AA
1,2003,5197,2103,2103,36.56,-43.95,BB,BB,BB,CC,AA
1,2003,5197,2104,2104,34.63,-47.93,BB,BB,BB,CC,AA
1,2003,5197,2105,2105,34.74,-48.08,BB,BB,BB,CC,AA
1,2003,5197,2106,2106,34.76,-47.97,NA,NA,NA,NA,NA
1,2003,5197,2107,2107,34.69,-47.74,NA,NA,NA,NA,NA
1,2003,5197,2108,2108,33.06,-45.63,BB,BB,BB,CC,AA
1,2003,5197,2109,2109,38.84,-52.71,BB,BB,BB,CC,AA
1,2003,5197,2110,2110,35.93,-52.77,BB,BB,BB,CC,AA
1,2003,5197,2111,2111,35.62,-52.01,BB,BB,BB,CC,AA
1,2003,5197,2112,2112,35.66,-51.9,BB,BB,BB,CC,AA
1,2003,5197,2113,2113,36.52,-51.51,BB,BB,BB,CC,AA
1,2003,5197,2114,2114,34.44,-47.93,NA,NA,NA,NA,NA
1,2003,5197,2115,2115,34.36,-47.87,NA,NA,NA,NA,NA
1,2003,5197,2116,2116,34.38,-47.68,NA,NA,NA,NA,NA
1,2003,5197,2117,2117,34.06,-47.59,BB,BB,BB,CC,AA
1,2003,5197,2118,2118,33.78,-46.9,BB,BB,BB,CC,AA
1,2003,5197,2119,2119,35.52,-47.68,NA,NA,NA,NA,NA
1,2003,5197,2120,2120,35.67,-51.75,NA,NA,NA,NA,NA
1,2003,5197,2121,2121,36.05,-46.02,BB,BB,BB,CC,AA
1,2003,5197,2122,2122,35.96,-44.89,NA,NA,NA,NA,NA
1,2003,5197,2123,2123,36.24,-44.95,BB,BB,BB,CC,AA
1,2003,5197,2124,2124,35.69,-45.89,BB,BB,BB,CC,AA
1,2003,5197,2125,2125,35.97,-47.77,BB,BB,BB,CC,AA
1,2003,5197,2126,2126,36.91,-43.98,BB,BB,BB,CC,AA
1,2003,5197,2127,2127,36.71,-54.1,BB,BB,BB,CC,AA
1,2003,5197,2128,2128,37.1,-52.76,BB,BB,BB,CC,AA
1,2003,5197,2129,2129,33.49,-49.95,BB,BB,BB,CC,AA
1,2003,5156,2130,2130,76.82,-157,BB,BB,BB,CC,AA
1,2003,5156,2131,2131,75.65,-156.51,CC,BB,BB,CC,AA
1,2003,5156,2132,2132,75.66,-156.43,CC,BB,BB,CC,AA
1,2003,5156,2133,2133,75.58,-156.42,NA,NA,NA,NA,NA
1,2003,5156,2134,2134,73.98,-154.02,NA,NA,NA,NA,NA
1,2003,5156,2135,2135,74.03,-154.16,NA,NA,NA,NA,NA
1,2003,5156,2136,2136,73.8,-155.23,CC,BB,BB,CC,AA
1,2003,5152,2137,2137,85.8,-162.89,BB,BB,BB,NA,AA
1,2003,5152,2138,2138,86.29,-163.14,BB,BB,BB,NA,AA
1,2003,5152,2139,2139,86.91,-163.73,NA,NA,NA,NA,NA
1,2003,5152,2140,2140,88.54,-164.99,NA,NA,NA,NA,NA
1,2003,5152,2141,2141,89.39,-165.51,BB,BB,BB,NA,AA
1,2003,5152,2142,2142,89.47,-164.38,BB,BB,BB,CC,AA
1,2003,5152,2143,2143,91.42,-166.38,BB,BB,BB,CC,AA
1,2003,5152,2144,2144,88.12,-165.84,BB,BB,BB,NA,AA
1,2003,5152,2145,2145,90.64,-166.38,BB,BB,BB,CC,AA
1,2003,5152,2146,2146,94.01,-164.24,BC,BB,AB,CC,AA
1,2003,5152,2147,2147,94.11,-164.29,BB,BB,BB,CC,AA
1,2003,5152,2148,2148,91.92,-169.17,BB,BB,BB,CC,AA
1,2003,5152,2149,2149,91.85,-169.45,BB,BB,BB,NA,AA
1,2003,5152,2150,2150,91.85,-169.53,BB,BB,BB,CC,AA
1,2003,5152,2151,2151,96.32,-167.17,BB,BB,BB,CC,AA
1,2003,5152,2152,2152,96.07,-167.97,BB,BB,BB,CC,AA
1,2003,5149,2153,2153,107.7,-161.96,BB,BB,BB,CC,AA
1,2003,5149,2154,2154,106.27,-160.76,BB,BB,BB,CC,AA
1,2003,5134,2155,2155,93.89,-182.13,BB,BB,BB,CC,AA
1,2003,5203,2156,2156,39.65,38.91,BB,BB,BB,CC,AA
1,2003,5203,2157,2157,38.58,39.5,BB,BB,BB,NA,AA
1,2003,5110,2158,2158,15.1,-334.26,CC,BB,BB,CC,AA
1,2003,5110,2159,2159,16.04,-334.05,CC,BB,BB,CC,AA
1,2004,5198,2501,2501,35.73,-31.2,BC,BB,BB,CC,AA
1,2004,5219,2502,2502,22.69,-27.92,BB,BB,BB,BB,AA
1,2004,5219,2503,2503,22.42,-28.91,BB,BB,BB,NA,AA
1,2004,5219,2504,2504,22.11,-29.74,BB,BB,BB,CC,AA
1,2004,5213,2505,2505,-11.72,-14.02,BB,BB,BB,NA,AA
1,2004,5212,2506,2506,-8.34,-14.62,BB,BB,BB,NA,AA
1,2004,5212,2507,2507,-7.35,-12.68,NA,BB,BB,NA,AA
1,2004,5212,2508,2508,-6.4,-11.99,BB,BB,BB,NA,AA
1,2004,5212,2509,2509,-6.35,-10.41,BB,BB,BB,NA,AA
1,2004,5212,2510,2510,-6.27,-10.27,BB,BB,BB,NA,AA
1,2004,5212,2511,2511,-5.09,-8.05,BB,BB,BB,NA,AA
1,2004,5212,2512,2512,-4.65,-7.65,BB,BB,BB,BB,AA
1,2004,5212,2513,2513,-4.83,-7.09,CC,BB,BB,NA,AA
1,2004,5212,2514,2514,-5.43,-8,BB,BB,BB,NA,AA
1,2004,5212,2515,2515,-5.76,-7.67,BB,BB,BB,NA,AA
1,2004,5212,2516,2516,-5.99,-8.22,BB,BB,BB,NA,AA
1,2004,5212,2517,NA,NA,NA,CC,BB,BB,BB,AA
1,2004,5212,2518,2518,-5.96,-7.15,BC,BB,BB,NA,AA
1,2004,5212,2519,2519,-6.04,-6.8,BB,BB,BB,NA,AA
1,2004,5212,2520,2520,-5.94,-6.73,BB,BB,BB,BB,AA
1,2004,5212,2521,2521,-5.8,-6.55,BB,BB,BB,NA,AA
1,2004,5212,2522,2522,-6.35,-6.05,CC,BB,BB,NA,AA
1,2004,5212,2523,2523,-6.65,-5.94,BB,BB,BB,NA,AA
1,2004,5212,2524,2524,-6.82,-6.2,BB,BB,BB,NA,AA
1,2004,5212,2525,2525,-6.89,-6.01,BB,BB,BB,NA,AA
1,2004,5212,2526,2526,-6.9,-5.14,BB,BB,BB,NA,AA
1,2004,5212,2527,2527,-6.79,-5.19,CC,BB,BB,NA,AA
1,2004,5212,2528,2528,-6.63,-4.85,CC,BB,BB,NA,AA
1,2004,5212,2529,2529,-5.88,-4.87,BB,BB,BB,NA,AA
1,2004,5212,2530,2530,-6.02,-5.54,BB,BB,BB,NA,AA
1,2004,5212,2531,2531,-5.48,-5.65,BB,BB,BB,NA,AA
1,2004,5212,2532,2532,-5.06,-5.58,CC,BB,BB,NA,AA
1,2004,5212,2533,2533,-4.8,-5.26,BB,BB,BB,NA,AA
1,2004,5212,2534,2534,-5.03,-6.6,BB,BB,BB,NA,AA
1,2004,5212,2535,2535,-5,-6.51,BB,BB,BB,NA,AA
1,2004,5212,2536,2536,-4.37,-6.48,BB,BB,BB,NA,AA
1,2004,5212,2537,2537,-2.13,-8.22,BB,BB,BB,NA,AA
1,2004,5212,2538,2538,-3.34,-6.82,BB,BB,BB,NA,AA
1,2004,5212,2539,2539,-3.12,-7.07,BB,BB,BB,NA,AA
1,2004,5212,2540,2540,-2.79,-7.27,BB,BB,BB,NA,AA
1,2004,5212,2541,2541,-2.74,-7.17,BB,BB,BB,NA,AA
1,2004,5212,2542,2542,-3.06,-7.01,NA,NA,NA,NA,NA
1,2004,5212,2543,2543,-2.73,-7.03,NA,NA,NA,NA,NA
1,2004,5212,2544,2544,-2.87,-7.01,NA,NA,NA,NA,NA
1,2004,5212,2545,2545,-2.87,-6.93,NA,NA,NA,NA,NA
1,2004,5212,2546,2546,-2.74,-6.93,BB,BB,BB,NA,AA
1,2004,5212,2547,2547,-3.3,-7.85,BB,BB,BB,NA,AA
1,2004,5212,2548,2548,-1.35,-10.11,BB,BB,BB,NA,AA
1,2004,5237,2549,2549,19.68,-21.78,BC,BB,BB,BB,AA
1,2004,5217,2550,2550,14.5,-22.62,CC,BB,BB,NA,AA
1,2004,5236,2551,2551,26.16,-10.95,BC,BB,BB,NA,AA
1,2004,5236,2552,2552,28.81,-10.4,CC,BB,BB,NA,AA
1,2004,5236,2553,2553,28.45,-10.52,BC,BB,BB,NA,AA
1,2004,5236,2554,2554,28.46,-10.43,CC,BB,BB,CC,AA
1,2004,5236,2555,2555,28.5,-10.41,BB,BB,BB,NA,AA
1,2004,5199,2556,2556,33.26,-9.42,BB,BB,BB,NA,AA
1,2004,5199,2557,2557,31.53,-10.34,CC,BB,BB,NA,AA
1,2004,5199,2558,2558,30.29,-8.47,BB,BB,BB,NA,AA
1,2004,5209,2559,2559,20.03,3.58,BB,BB,BB,NA,AA
1,2004,5209,2560,2560,19.83,3.19,BB,BB,BB,NA,AA
1,2004,5209,2561,2561,18.95,3.44,BC,BB,BB,NA,AA
1,2004,5209,2562,2562,16.78,5.13,BB,BB,BB,NA,AA
1,2004,5209,2563,2563,15.79,5.61,NA,BB,BB,NA,AA
1,2004,5209,2564,2564,15.48,5.89,BB,BB,BB,NA,AA
1,2004,5209,2565,2565,15.34,5.61,CC,BB,BB,NA,AA
1,2004,5209,2566,2566,14.14,7.79,BB,BB,BB,NA,AA
1,2004,5203,2567,2567,41.32,37.01,BB,BB,BB,BB,AA
1,2004,5203,2568,2568,41.1,36.89,BB,BB,BB,NA,AA
1,2004,5203,2569,2569,40.26,37.17,BB,BB,BB,NA,AA
1,2004,5203,2570,2570,38.48,38.71,BB,BB,BB,NA,AA
1,2004,5203,2571,2571,38.46,39.34,BB,BB,BB,NA,AA
1,2004,5203,2572,2572,38.43,39.4,BB,BB,BB,CC,AA
1,2004,5203,2573,2573,37.83,39.67,BB,BB,BB,BB,AA
1,2004,5203,2574,2574,38.1,39.82,BB,BB,BB,BB,AA
1,2004,5203,2575,2575,38.07,40.04,BB,BB,BB,BB,AA
1,2004,5203,2576,2576,35.36,37.03,BB,BB,BB,BB,AA
1,2004,5203,2577,2577,24.73,36.55,BB,BB,BB,BB,AA
1,2004,5203,2578,2578,27.48,40.42,BB,BB,BB,CC,AA
1,2004,5203,2579,2579,27.59,40.13,BB,BB,BB,BB,AA
1,2004,5203,2580,2580,27.94,39.97,BB,BB,BB,CC,AA
1,2004,5203,2581,2581,27.72,38.73,BB,BB,BB,BB,AA
1,2004,5203,2582,2582,27.82,37.72,BB,BB,BB,BB,AA
1,2004,5203,2583,2583,27.48,38.2,BB,BB,BB,BB,AA
1,2004,5203,2584,2584,27.77,38.15,BB,BB,BB,BB,AA
1,2004,5203,2585,2585,27.79,38.21,BB,BB,BB,CC,AA
1,2004,5203,2586,2586,27.85,38.26,BB,BB,BB,CC,AA
1,2004,5203,2587,2587,27.87,38.13,BB,BB,BB,CC,AA
1,2004,5203,2588,2588,28.06,38.12,BB,BB,BB,NA,AA
1,2004,5203,2589,2589,27.99,38.05,BB,BB,BB,NA,AA
1,2004,5203,2590,2590,28.01,38.08,BB,BB,BB,NA,AA
1,2004,5203,2591,2591,28.76,38.87,BB,BB,BB,NA,AA
1,2004,5203,2592,2592,28.5,38.34,BB,BB,BB,NA,AA
1,2004,5203,2593,2593,29.7,36.33,BB,BB,BB,NA,AA
1,2004,5203,2594,2594,30.35,35.89,BB,BB,BB,NA,AA
1,2004,5203,2595,2595,30.32,36.33,BB,BB,BB,NA,AA
1,2004,5203,2596,2596,31.48,36.55,BB,BB,BB,NA,AA
1,2004,5202,2597,2597,39.49,29.49,BB,BB,BB,BB,AA
1,2004,5202,2598,2598,39.55,29.05,BB,BB,BB,BB,AA
1,2004,5202,2599,2599,39.97,27.97,BB,BB,BB,CC,AA
1,2004,5202,2600,2600,40.02,27.56,BB,BB,BB,CC,AA
1,2004,5132,2627,2627,89.22,-185.91,BB,BB,BB,CC,AA
1,2004,5156,2628,2628,80.19,-155.29,CC,BB,BB,CC,AA
1,2004,5134,2629,2629,98.18,-184.48,BB,BB,NA,NA,AA
1,2004,5134,2630,2630,98.64,-187.7,BB,BB,BB,NA,AA
1,2004,5225,2631,2631,55.04,-96.94,NA,NA,NA,NA,NA
1,2004,5225,2632,2632,55.24,-97.04,BB,BB,BB,CC,AA
1,2004,5225,2633,2633,55.43,-97.12,BB,BB,BB,CC,AA
1,2004,5220,2634,2634,23.05,-49.67,BB,BB,BB,NA,AA
1,2004,5220,2635,2635,22.63,-49.82,BB,BB,BB,CC,AA
1,2004,5234,2636,2636,22.49,1.84,CC,BB,BB,NA,AA
1,2004,5234,2637,2637,-1.48,-7.55,CC,BB,BB,NA,AA
1,2004,5203,2638,2638,23.98,38.47,BB,BB,BB,BB,AA
1,2004,5204,2639,2639,23.42,44.13,BB,BB,BB,BB,AA
1,2004,5204,2640,2640,23.91,45.53,BB,BB,BB,BB,AA
1,2004,5204,2641,2641,26.43,42.71,BB,BB,BB,NA,AA
1,2004,5204,2642,2642,26.27,42.11,BB,BB,BB,BB,AA
1,2004,5189,2643,2643,80.93,-100.32,BB,BB,AA,NA,AA
1,2004,5189,2644,2644,81.86,-93.72,BB,BB,AA,CC,AA
1,2004,5189,2645,2645,80.83,-94.52,BB,BB,BB,NA,AA
1,2004,5177,2646,2646,110.89,-92.06,CC,BB,BB,CC,AA
1,2004,5177,2647,2647,113.12,-92.37,NA,NA,NA,NA,NA
1,2004,5177,2648,2648,112.17,-91.89,BB,BB,BB,CC,AA
1,2004,5177,2649,2649,111.62,-91.82,NA,NA,NA,NA,NA
1,2004,5177,2650,2650,112.45,-92.8,BB,BB,BB,NA,AA
1,2004,2375,2651,NA,NA,NA,BB,BB,BB,CC,AA
1,2004,5174,2652,2652,119.47,-106.64,BB,BB,BB,NA,AA
1,2004,5174,2653,2653,118.98,-106.15,BC,BB,BB,CC,AA
1,2004,5148,2654,2654,112.88,-167.89,BB,BB,BB,CC,AA
1,2004,5141,2655,2655,121.94,-181.33,BB,BB,BB,CC,AA
1,2004,5141,2656,2656,120.62,-179.1,BB,BB,BB,CC,AA
1,2004,5141,2657,2657,120.34,-179.79,BB,BB,BB,CC,AA
1,2004,5106,2658,2658,20.61,-344.42,BB,BB,BB,CC,AA
1,2004,5106,2659,2659,20.5,-343.74,BB,BB,BB,NA,AA
1,2004,5127,2660,2660,89.2,-230.13,BB,BB,BB,NA,AA
1,2004,5130,2661,2661,89.92,-212.8,CC,BB,BB,CC,AA
1,2004,5130,2662,2662,90.36,-213.61,CC,BB,AB,CC,AA
1,2004,5130,2663,2663,90.01,-212.5,BC,BB,BB,NA,AA
1,2004,5132,2664,2664,89.64,-191.46,CC,BB,BB,CC,AA
1,2004,5132,2665,2665,89.88,-191.81,CC,BB,BB,CC,AA
1,2004,5134,2666,2666,94.29,-180.28,NA,BB,BB,CC,AA
1,2004,5198,2667,2667,33.27,-23.52,CC,BB,BB,NA,AA
1,2004,5134,2668,2668,99.64,-182.94,NA,BB,BB,CC,AA
1,2004,5134,2669,2669,99.41,-186.28,BB,BB,BB,CC,AA
1,2004,5134,2670,2670,99.62,-186.42,BB,BB,BB,CC,AA
1,2004,5134,2671,2671,99.58,-186.31,BB,BB,BB,CC,AA
1,2004,5197,2672,2672,34.75,-49.56,BB,BB,BB,CC,AA
1,2004,5197,2673,2673,35.06,-49.01,BB,BB,AB,CC,AA
1,2004,5197,2674,2674,34.77,-48.83,NA,NA,NA,NA,NA
1,2004,5197,2675,2675,36.15,-46.18,BB,BB,BB,CC,AA
1,2004,5197,2676,2676,29.75,-44.09,BB,BB,BB,CC,AA
1,2004,5197,2677,2677,37.62,-49.6,BB,BB,BB,NA,AA
1,2004,5197,2678,2678,39.24,-52.09,BB,BB,BB,NA,AA
1,2004,5197,2679,2679,32.88,-53.37,BB,BB,BB,CC,AA
1,2004,5197,2680,2680,36.23,-53.7,BB,BB,BB,NA,AA
1,2004,5197,2681,2681,36.33,-51.98,BB,BB,BB,CC,AA
1,2004,5197,2682,2682,36.76,-51.81,BB,BB,BB,CC,AA
1,2004,5197,2683,2683,36.75,-51.65,BB,BB,BB,NA,AA
1,2004,5197,2684,2684,35.21,-50.05,BB,BB,BB,CC,AA
1,2004,5197,2685,2685,35.55,-49.13,BB,BB,BB,BB,AA
1,2004,5197,2686,2686,36.29,-48.72,BB,BB,BB,NA,AA
1,2004,5197,2687,2687,37.84,-46.53,BB,BB,BB,BB,AA
1,2004,5197,2688,2688,37.54,-44.44,BB,BB,BB,NA,AA
1,2004,5197,2689,2689,37.27,-44.83,BB,BB,BB,NA,AA
1,2004,5197,2690,2690,35.43,-46.11,CC,BB,BB,NA,AA
1,2004,5197,2691,2691,32.89,-45.92,BB,BB,BB,NA,AA
1,2004,5197,2692,2692,34.15,-47.17,BB,BB,BB,CC,AA
1,2004,5197,2693,2693,31.67,-47.04,BB,BB,BB,NA,AA
1,2004,5197,2694,2694,30.81,-47.92,BB,BB,BB,NA,AA
1,2004,5197,2695,2695,30.92,-47.5,BB,BB,BB,NA,AA
1,2004,5197,2696,2696,30.95,-44.2,BB,BB,BB,CC,AA
1,2004,5198,2697,2697,35.38,-28.93,BB,BB,BB,NA,AA
1,2004,5198,2698,2698,36.5,-29.7,NA,NA,NA,NA,NA
1,2004,5198,2699,2699,36.39,-29.95,BB,BB,BB,NA,AA
1,2004,5198,2700,2700,36.29,-30.21,NA,NA,NA,NA,NA
